Age,Gender,Occasion,Preferences,Hobbies,Job,Past Gifts,Price Range,Suggested Gifts
65,Female,Bachelorette,Tech,Knitting,Teacher,Candle Set,"₹5000-₹10,000",Backpack
60,Non-binary,Housewarming,Fitness,Dancing,Veterinarian,Board Game,"₹20,000+",Handbag
53,Female,Anniversary,Fashion,Painting,Musician,Candle Set,₹100-₹500,Tea Collection Set
44,Female,Baby Shower,Self-care,Singing,Politician,Skincare Set,"₹10,000-₹20,000",Jewelry
59,Non-binary,Farewell,Self-care,Baking,Stock Trader,Wireless Charger,"₹10,000-₹20,000",Sports Jersey
42,Prefer not to say,Wedding,Art,Astrophotography,Entrepreneur,Sports Jersey,"₹5000-₹10,000",Personalized Mug
52,Prefer not to say,Retirement,Books,Meditation,Artist,Gaming Console,₹500-₹2000,Leather Wallet
5,Non-binary,Bachelorette,Music,Martial Arts,Entrepreneur,Board Game,₹500-₹2000,Digital Drawing Tablet
70,Male,Milestone Hitting,Fitness,Car Collecting,Freelancer,VR Headset,₹500-₹2000,Subscription Box
55,Prefer not to say,Birthday,Self-care,Cooking,Politician,Smartwatch,"₹10,000-₹20,000",Gaming Console
78,Prefer not to say,Festival,Collectibles,Yoga,Astronomer,Personalized Mug,"₹20,000+",Headphones
57,Prefer not to say,Birthday,Collectibles,Travel Blogging,Business Owner,Wireless Charger,₹100-₹500,Candle Set
59,Other,Retirement,Productivity,Gardening,Scientist,VR Headset,"₹5000-₹10,000",Running Shoes
46,Non-binary,Bachelorette,Fashion,Yoga,Lawyer,Sports Jersey,"₹10,000-₹20,000",Succulent Plant Set
33,Female,Anniversary,Productivity,Dancing,Politician,Smartwatch,"₹10,000-₹20,000",Running Shoes
73,Male,Success,Books,Astrophotography,Scientist,Drone,₹100-₹500,Book
72,Female,Success,Eco-friendly,Painting,Biotechnologist,Coffee Maker,"₹10,000-₹20,000",Board Game
69,Prefer not to say,Anniversary,Anime & Comics,Yoga,Actor,Sunglasses,₹2000-₹5000,Bluetooth Earbuds
11,Female,Bachelorette,Anime & Comics,Martial Arts,Pilot,Jewelry,₹2000-₹5000,Headphones
72,Other,Acheivement,Travel,Gardening,Psychologist,Wireless Charger,₹500-₹2000,Handbag
45,Prefer not to say,Appreciation,Luxury,Painting,Therapist,Luxury Pen,₹500-₹2000,Board Game
32,Female,Birthday,Productivity,Astrophotography,Actor,Shoes,₹100-₹500,Camping Gear
32,Female,Festival,Art,Baking,Researcher,Jewelry,"₹10,000-₹20,000",Cooking Kit
70,Male,Graduation,Collectibles,Podcasting,Student,Sports Jersey,₹100-₹500,Skincare Set
9,Prefer not to say,Festival,Spirituality,Photography,Researcher,Skincare Set,"₹10,000-₹20,000",Jewelry
12,Other,Birthday,Fitness,Astrophotography,Researcher,Limited Edition Sneakers,"₹10,000-₹20,000",Mini Projector
6,Non-binary,Baby Shower,Self-care,Gaming,Doctor,Smartwatch,"₹5000-₹10,000",Perfume
66,Prefer not to say,Retirement,Gaming,Baking,Psychologist,Customized Notebook,"₹5000-₹10,000",Shoes
46,Male,Success,Books,Knitting,Pilot,Handbag,"₹20,000+",Smartwatch
10,Other,Housewarming,Gaming,Knitting,Stock Trader,Fitness Tracker,"₹20,000+",Customized Notebook
48,Prefer not to say,Retirement,Travel,Knitting,Therapist,Limited Edition Sneakers,"₹20,000+",Mini Projector
26,Prefer not to say,Acheivement,Collectibles,Sports,Business Owner,Customized Notebook,₹2000-₹5000,Personalized Mug
16,Male,Baby Shower,Home Decor,Dancing,Engineer,Wireless Charger,"₹20,000+",Camping Gear
16,Non-binary,Retirement,Anime & Comics,Gardening,Writer,Luxury Pen,"₹10,000-₹20,000",VR Headset
13,Prefer not to say,Birthday,Tech,Robotics,Artist,Book,"₹5000-₹10,000",Handmade Soap Set
75,Female,Housewarming,Home Decor,Podcasting,Student,Book,₹2000-₹5000,Portable Speaker
50,Male,Corporate,Eco-friendly,Photography,Biotechnologist,Perfume,"₹20,000+",Cooking Kit
31,Non-binary,Corporate,Books,Astrophotography,Freelancer,Candle Set,₹2000-₹5000,Book
11,Male,Appreciation,Books,Meditation,Psychologist,Board Game,₹500-₹2000,Fitness Tracker
6,Male,Graduation,Pets,Dancing,Business Owner,Coffee Maker,"₹20,000+",Limited Edition Sneakers
5,Non-binary,Milestone Hitting,Eco-friendly,Sports,Musician,Subscription Box,"₹20,000+",Customized Notebook
11,Male,Farewell,Self-care,Gardening,Scientist,VR Headset,"₹10,000-₹20,000",Smart Speaker
53,Non-binary,Acheivement,Music,Meditation,Psychologist,Subscription Box,"₹10,000-₹20,000",Board Game
75,Non-binary,Housewarming,Home Decor,Singing,Doctor,Jewelry,"₹10,000-₹20,000",Jewelry
60,Female,Bachelorette,Travel,Gardening,Pilot,Headphones,"₹10,000-₹20,000",Smart Speaker
59,Prefer not to say,Milestone Hitting,Pets,Martial Arts,Lawyer,Pet Accessories,₹100-₹500,Subscription Box
75,Female,Corporate,Books,Meditation,Therapist,Board Game,₹100-₹500,Leather Wallet
23,Male,Milestone Hitting,Home Decor,Dancing,Lawyer,Candle Set,₹2000-₹5000,Sunglasses
16,Prefer not to say,Bachelorette,Luxury,Knitting,Writer,Backpack,₹100-₹500,Digital Drawing Tablet
73,Prefer not to say,Bachelorette,Collectibles,Cooking,Researcher,Drone,"₹20,000+",Sports Jersey
77,Prefer not to say,Housewarming,Productivity,Dancing,Doctor,Headphones,₹100-₹500,Smart Speaker
77,Male,Festival,Art,Archery,Actor,Headphones,₹100-₹500,Drone
21,Prefer not to say,Graduation,Productivity,Archery,Athlete,Board Game,₹2000-₹5000,Puzzle Set
62,Prefer not to say,Corporate,Collectibles,Painting,Pilot,Wireless Charger,"₹10,000-₹20,000",Luxury Pen
35,Prefer not to say,Birthday,Gaming,Baking,Lawyer,Skincare Set,"₹5000-₹10,000",Sports Jersey
37,Male,Acheivement,Home Decor,Knitting,Student,Portable Speaker,"₹5000-₹10,000",DIY Craft Kit
33,Female,Anniversary,Gourmet,Woodworking,Engineer,Candle Set,₹100-₹500,Gaming Console
32,Other,Graduation,Art,Fishing,Actor,Smartwatch,₹500-₹2000,VR Headset
34,Other,Farewell,Adventure,Hiking,Scientist,Board Game,"₹10,000-₹20,000",Customized Notebook
71,Male,Wedding,Art,Cycling,Actor,VR Headset,₹2000-₹5000,Laptop Stand
42,Male,Bachelorette,Collectibles,Robotics,Musician,Gaming Console,"₹5000-₹10,000",Bluetooth Earbuds
33,Non-binary,Festival,Eco-friendly,Cycling,Biotechnologist,Customized Notebook,"₹10,000-₹20,000",Book
58,Female,Appreciation,Art,Singing,Designer,Gift Card,₹2000-₹5000,Smart Speaker
79,Female,Baby Shower,Luxury,Archery,Artist,Portable Speaker,₹2000-₹5000,Gift Card
61,Male,Graduation,Fashion,Gaming,Stock Trader,Concert Tickets,₹500-₹2000,Personalized Mug
21,Female,Success,Pets,Sports,Musician,Customized Notebook,₹500-₹2000,Camping Gear
37,Prefer not to say,Bachelorette,Travel,Sports,Therapist,Coffee Maker,"₹20,000+",Bluetooth Earbuds
44,Prefer not to say,Farewell,Productivity,Writing,Actor,Fitness Tracker,₹100-₹500,Candle Set
47,Non-binary,Birthday,Productivity,Travel Blogging,Writer,Luxury Pen,₹100-₹500,Portable Speaker
19,Other,Acheivement,Books,Woodworking,Athlete,Drone,₹500-₹2000,Drone
72,Non-binary,Acheivement,Tech,Gardening,Lawyer,Sports Jersey,"₹10,000-₹20,000",Drone
65,Female,Baby Shower,Art,Calligraphy,Entrepreneur,Subscription Box,₹100-₹500,Noise-Canceling Headphones
12,Prefer not to say,Success,Productivity,Robotics,Designer,Wireless Charger,₹2000-₹5000,VR Headset
13,Prefer not to say,Wedding,Productivity,Martial Arts,Artist,VR Headset,"₹20,000+",Gift Card
65,Prefer not to say,Milestone Hitting,Art,Podcasting,Veterinarian,Wireless Charger,₹500-₹2000,Noise-Canceling Headphones
37,Prefer not to say,Bachelorette,Travel,Astrophotography,Biotechnologist,Sunglasses,"₹5000-₹10,000",Sports Jersey
71,Non-binary,Baby Shower,Spirituality,Dancing,Lawyer,VR Headset,"₹20,000+",Puzzle Set
77,Female,Success,Fitness,Gardening,Musician,Wireless Charger,₹500-₹2000,Fitness Tracker
7,Male,Farewell,Gourmet,Baking,Scientist,Handbag,"₹20,000+",Board Game
58,Female,Farewell,Fashion,Sports,Musician,Smartwatch,"₹10,000-₹20,000",Mini Projector
61,Female,Bachelorette,DIY,Hiking,Scientist,Smartwatch,₹2000-₹5000,Perfume
39,Non-binary,Bachelorette,Anime & Comics,Hiking,Stock Trader,Perfume,"₹10,000-₹20,000",Coffee Maker
45,Non-binary,Festival,Science & Space,Cycling,Stock Trader,Customized Notebook,"₹5000-₹10,000",Massage Gun
17,Prefer not to say,Housewarming,Productivity,Woodworking,Fashion Designer,Portable Speaker,"₹10,000-₹20,000",Gift Card
42,Non-binary,Birthday,Pets,Gardening,Business Owner,VR Headset,"₹5000-₹10,000",Personalized Keychain
55,Other,Farewell,Gaming,Cycling,Veterinarian,Jewelry,"₹20,000+",Shoes
69,Prefer not to say,Bachelorette,Gourmet,Cooking,Entrepreneur,Customized Notebook,"₹10,000-₹20,000",Pet Accessories
61,Non-binary,Bachelorette,Pets,Calligraphy,Researcher,Gaming Console,"₹20,000+",Smartwatch
30,Non-binary,Farewell,Gourmet,Astrophotography,Actor,Luxury Pen,₹100-₹500,Concert Tickets
9,Non-binary,Corporate,Self-care,Gaming,Biotechnologist,Sunglasses,₹100-₹500,Sports Jersey
70,Other,Acheivement,Gourmet,Photography,Chef,Subscription Box,₹2000-₹5000,Concert Tickets
46,Non-binary,Success,Gaming,Travel Blogging,Astronomer,Personalized Mug,₹100-₹500,E-Reader
20,Other,Housewarming,Luxury,Writing,Business Owner,VR Headset,"₹5000-₹10,000",Massage Gun
33,Prefer not to say,Baby Shower,Books,Travel Blogging,Biotechnologist,Subscription Box,"₹10,000-₹20,000",Perfume
72,Other,Wedding,DIY,Woodworking,Entrepreneur,Gaming Console,₹500-₹2000,Noise-Canceling Headphones
19,Non-binary,Housewarming,Luxury,Painting,Teacher,Backpack,₹500-₹2000,Subscription Box
64,Other,Wedding,Fashion,Writing,Musician,Book,₹2000-₹5000,Portable Speaker
62,Female,Wedding,DIY,Hiking,Lawyer,Sports Jersey,₹500-₹2000,Shoes
29,Female,Success,Fitness,Singing,Freelancer,Luxury Pen,"₹5000-₹10,000",Camping Gear
61,Male,Farewell,Gaming,Cycling,Psychologist,Shoes,"₹10,000-₹20,000",Shoes
6,Female,Success,Fitness,Gardening,Artist,Skincare Set,"₹10,000-₹20,000",Limited Edition Sneakers
67,Prefer not to say,Baby Shower,Science & Space,Gaming,Business Owner,Personalized Mug,₹2000-₹5000,Drone
74,Other,Corporate,Anime & Comics,Painting,Actor,Backpack,"₹5000-₹10,000",Smart Home Device
73,Male,Baby Shower,Science & Space,Cooking,Student,Concert Tickets,"₹20,000+",Concert Tickets
13,Non-binary,Wedding,Luxury,Fishing,Biotechnologist,Portable Speaker,₹2000-₹5000,Portable Speaker
46,Other,Anniversary,Gourmet,Dancing,Engineer,Drone,"₹5000-₹10,000",Backpack
10,Non-binary,Retirement,Productivity,Archery,Lawyer,Subscription Box,₹2000-₹5000,Sports Jersey
77,Female,Farewell,Eco-friendly,Baking,Musician,Sports Jersey,₹2000-₹5000,Massage Gun
80,Prefer not to say,Baby Shower,Books,Martial Arts,Veterinarian,Luxury Pen,"₹5000-₹10,000",Fitness Tracker
63,Other,Wedding,Pets,Hiking,Researcher,Perfume,₹2000-₹5000,Concert Tickets
67,Non-binary,Anniversary,Tech,Cycling,Athlete,Candle Set,₹100-₹500,Running Shoes
66,Female,Milestone Hitting,Collectibles,Astrophotography,Student,VR Headset,"₹5000-₹10,000",Personalized Mug
71,Other,Festival,Home Decor,Knitting,Writer,Jewelry,₹100-₹500,Smart Speaker
53,Female,Corporate,Fashion,Photography,Researcher,Perfume,₹2000-₹5000,Book
79,Non-binary,Anniversary,Home Decor,Yoga,Musician,Portable Speaker,₹500-₹2000,Sunglasses
5,Male,Farewell,Spirituality,Travel Blogging,Freelancer,Skincare Set,₹2000-₹5000,Puzzle Set
67,Prefer not to say,Farewell,Tech,Dancing,Freelancer,Candle Set,₹2000-₹5000,Personalized Mug
48,Non-binary,Bachelorette,Productivity,Car Collecting,Entrepreneur,Fitness Tracker,₹2000-₹5000,Book
22,Female,Graduation,DIY,Martial Arts,Researcher,Board Game,₹500-₹2000,Personalized Keychain
62,Other,Baby Shower,Travel,Travel Blogging,Artist,Skincare Set,₹100-₹500,Candle Set
13,Prefer not to say,Wedding,Home Decor,Dancing,Freelancer,Sunglasses,"₹10,000-₹20,000",Puzzle Set
79,Female,Wedding,Gourmet,Dancing,Writer,Gift Card,"₹20,000+",Smart Home Device
11,Female,Graduation,Self-care,Calligraphy,Entrepreneur,Wireless Charger,"₹10,000-₹20,000",Camping Gear
47,Non-binary,Acheivement,Books,Baking,Veterinarian,Limited Edition Sneakers,₹100-₹500,Massage Gun
68,Prefer not to say,Bachelorette,Travel,Painting,Athlete,Jewelry,₹2000-₹5000,Running Shoes
60,Male,Bachelorette,Books,Astrophotography,Teacher,Backpack,₹500-₹2000,Leather Wallet
75,Female,Festival,Music,Sports,Pilot,Pet Accessories,₹2000-₹5000,Customized Notebook
79,Non-binary,Farewell,Science & Space,Hiking,Fashion Designer,Backpack,₹100-₹500,Digital Drawing Tablet
62,Prefer not to say,Appreciation,Pets,Photography,Biotechnologist,Perfume,"₹10,000-₹20,000",Smartwatch
28,Female,Corporate,Gaming,Sports,Teacher,Gift Card,"₹10,000-₹20,000",Action Figures
79,Non-binary,Corporate,Adventure,Writing,Freelancer,Handbag,"₹20,000+",Noise-Canceling Headphones
60,Other,Corporate,Adventure,Gaming,Astronomer,Sports Jersey,"₹5000-₹10,000",Smart Home Device
14,Other,Farewell,Eco-friendly,Travel Blogging,Writer,Subscription Box,"₹20,000+",Book
18,Non-binary,Birthday,Anime & Comics,Podcasting,Business Owner,Customized Notebook,"₹10,000-₹20,000",Mini Projector
72,Non-binary,Graduation,Pets,Woodworking,Psychologist,Portable Speaker,"₹5000-₹10,000",Bluetooth Earbuds
14,Non-binary,Festival,Collectibles,Fishing,Pilot,Perfume,"₹20,000+",Personalized Mug
79,Male,Wedding,Spirituality,Reading,Freelancer,Concert Tickets,₹100-₹500,Skincare Set
13,Non-binary,Acheivement,Tech,Fishing,Musician,Luxury Pen,₹2000-₹5000,Tea Collection Set
73,Male,Appreciation,Collectibles,Robotics,Teacher,Subscription Box,"₹10,000-₹20,000",Mini Projector
28,Male,Acheivement,Luxury,Yoga,Business Owner,Concert Tickets,₹2000-₹5000,Puzzle Set
66,Prefer not to say,Milestone Hitting,Science & Space,Reading,Writer,Portable Speaker,"₹10,000-₹20,000",Customized Notebook
58,Female,Festival,Eco-friendly,Dancing,Astronomer,Luxury Pen,₹2000-₹5000,Camping Gear
56,Prefer not to say,Retirement,Luxury,Astrophotography,Student,Drone,"₹10,000-₹20,000",Gaming Console
28,Male,Baby Shower,Spirituality,Baking,Artist,Subscription Box,₹500-₹2000,Handbag
39,Non-binary,Baby Shower,Eco-friendly,Baking,Stock Trader,Personalized Mug,"₹5000-₹10,000",Comic Books
21,Non-binary,Anniversary,Home Decor,Astrophotography,Student,Personalized Mug,₹2000-₹5000,Handbag
27,Male,Wedding,DIY,Writing,Freelancer,Backpack,₹2000-₹5000,Personalized Keychain
62,Other,Farewell,Self-care,Robotics,Teacher,Coffee Maker,"₹5000-₹10,000",Smartwatch
22,Prefer not to say,Wedding,Fashion,Meditation,Stock Trader,Smartwatch,₹100-₹500,Subscription Box
8,Female,Success,Self-care,Photography,Politician,Shoes,₹2000-₹5000,Personalized Keychain
6,Non-binary,Milestone Hitting,Home Decor,Robotics,Freelancer,Gift Card,"₹10,000-₹20,000",Digital Drawing Tablet
47,Female,Acheivement,DIY,Fishing,Therapist,Pet Accessories,₹2000-₹5000,Board Game
58,Non-binary,Housewarming,Travel,Singing,Fashion Designer,Skincare Set,₹100-₹500,Smartwatch
68,Other,Graduation,DIY,Hiking,Fashion Designer,Backpack,"₹10,000-₹20,000",Shoes
62,Non-binary,Corporate,Music,Sports,Pilot,Shoes,₹2000-₹5000,Customized Notebook
16,Prefer not to say,Acheivement,Tech,Reading,Veterinarian,Luxury Pen,₹2000-₹5000,Wireless Charger
61,Non-binary,Milestone Hitting,Spirituality,Car Collecting,Teacher,Portable Speaker,₹2000-₹5000,Candle Set
70,Other,Wedding,Science & Space,Sports,Writer,Candle Set,₹500-₹2000,Vinyl Records
36,Female,Acheivement,Collectibles,Singing,Freelancer,Perfume,₹100-₹500,Backpack
54,Other,Wedding,Pets,Robotics,Veterinarian,Handbag,₹2000-₹5000,Customized Notebook
41,Other,Housewarming,Fashion,Writing,Writer,Coffee Maker,₹100-₹500,Fitness Tracker
56,Prefer not to say,Graduation,Self-care,Writing,Stock Trader,Customized Notebook,"₹20,000+",Action Figures
58,Female,Appreciation,Science & Space,Woodworking,Veterinarian,Candle Set,"₹20,000+",Camping Gear
22,Male,Acheivement,Self-care,Baking,Artist,Customized Notebook,"₹5000-₹10,000",Tea Collection Set
14,Non-binary,Milestone Hitting,Music,Hiking,Lawyer,Board Game,₹500-₹2000,Coffee Maker
71,Other,Housewarming,Music,Car Collecting,Psychologist,Board Game,"₹20,000+",Jewelry
17,Non-binary,Farewell,Anime & Comics,Archery,Psychologist,Gaming Console,"₹10,000-₹20,000",Puzzle Set
34,Non-binary,Appreciation,Adventure,Fishing,Fashion Designer,Board Game,"₹10,000-₹20,000",Camping Gear
22,Non-binary,Anniversary,Home Decor,Astrophotography,Therapist,Jewelry,₹500-₹2000,VR Headset
67,Male,Baby Shower,Travel,Writing,Lawyer,VR Headset,₹500-₹2000,Massage Gun
38,Female,Wedding,Eco-friendly,Fishing,Actor,Book,"₹5000-₹10,000",Subscription Box
20,Male,Acheivement,Travel,Gaming,Athlete,Candle Set,"₹5000-₹10,000",Smart Home Device
55,Other,Festival,Fashion,Fishing,Freelancer,Smartwatch,₹100-₹500,Backpack
21,Other,Birthday,Productivity,Gaming,Therapist,Board Game,"₹10,000-₹20,000",E-Reader
27,Prefer not to say,Anniversary,Art,Archery,Freelancer,Sunglasses,₹500-₹2000,E-Reader
72,Male,Housewarming,Music,Knitting,Freelancer,Smartwatch,₹500-₹2000,Fitness Tracker
51,Female,Baby Shower,Productivity,Reading,Stock Trader,Skincare Set,"₹5000-₹10,000",DIY Craft Kit
49,Other,Farewell,Collectibles,Travel Blogging,Teacher,Coffee Maker,"₹20,000+",Digital Drawing Tablet
31,Male,Success,Pets,Podcasting,Stock Trader,Book,"₹10,000-₹20,000",Perfume
18,Female,Success,Books,Archery,Stock Trader,Skincare Set,"₹5000-₹10,000",Action Figures
20,Female,Graduation,Gourmet,Hiking,Lawyer,Sunglasses,"₹5000-₹10,000",Leather Wallet
51,Other,Festival,DIY,Woodworking,Doctor,Wireless Charger,"₹5000-₹10,000",Comic Books
34,Other,Appreciation,Adventure,Singing,Teacher,Jewelry,₹2000-₹5000,Book
43,Prefer not to say,Festival,Travel,Sports,Student,VR Headset,₹100-₹500,Running Shoes
70,Other,Appreciation,Books,Dancing,Researcher,Sports Jersey,"₹20,000+",Succulent Plant Set
35,Male,Corporate,Science & Space,Hiking,Business Owner,Board Game,₹100-₹500,Handmade Soap Set
17,Prefer not to say,Housewarming,Fitness,Meditation,Therapist,Backpack,₹500-₹2000,Smart Speaker
80,Prefer not to say,Retirement,Adventure,Knitting,Politician,Book,"₹10,000-₹20,000",Leather Wallet
18,Non-binary,Retirement,Collectibles,Car Collecting,Pilot,Gaming Console,"₹20,000+",Laptop Stand
61,Other,Retirement,Books,Travel Blogging,Veterinarian,Pet Accessories,₹500-₹2000,E-Reader
69,Other,Baby Shower,Fitness,Gaming,Pilot,Sports Jersey,"₹20,000+",Perfume
27,Prefer not to say,Milestone Hitting,Eco-friendly,Woodworking,Freelancer,Board Game,₹500-₹2000,Sports Jersey
46,Prefer not to say,Acheivement,Music,Martial Arts,Fashion Designer,Wireless Charger,"₹10,000-₹20,000",Gift Card
36,Female,Acheivement,Self-care,Car Collecting,Chef,Sports Jersey,"₹5000-₹10,000",Handmade Soap Set
42,Other,Retirement,Home Decor,Yoga,Astronomer,Pet Accessories,"₹10,000-₹20,000",Candle Set
46,Other,Bachelorette,Fitness,Yoga,Athlete,Board Game,₹2000-₹5000,VR Headset
33,Prefer not to say,Housewarming,Science & Space,Woodworking,Fashion Designer,Customized Notebook,"₹5000-₹10,000",VR Headset
59,Prefer not to say,Birthday,Gaming,Knitting,Politician,Personalized Mug,₹2000-₹5000,Leather Wallet
38,Other,Appreciation,DIY,Archery,Athlete,Customized Notebook,"₹20,000+",Drone
6,Other,Corporate,Gaming,Astrophotography,Artist,Board Game,"₹5000-₹10,000",Sunglasses
23,Male,Birthday,Music,Martial Arts,Chef,Perfume,"₹20,000+",Book
31,Other,Graduation,Fitness,Travel Blogging,Writer,Coffee Maker,"₹10,000-₹20,000",Wireless Charger
50,Female,Wedding,Gaming,Dancing,Freelancer,Luxury Pen,₹2000-₹5000,Comic Books
39,Non-binary,Corporate,Anime & Comics,Sports,Veterinarian,Sunglasses,"₹10,000-₹20,000",Comic Books
24,Other,Wedding,Art,Knitting,Business Owner,Customized Notebook,"₹10,000-₹20,000",Backpack
10,Prefer not to say,Baby Shower,Spirituality,Car Collecting,Therapist,Backpack,₹500-₹2000,Gaming Console
53,Male,Farewell,Science & Space,Reading,Politician,Gaming Console,₹100-₹500,Coffee Maker
53,Other,Housewarming,Art,Knitting,Business Owner,Pet Accessories,₹2000-₹5000,Noise-Canceling Headphones
5,Female,Appreciation,Spirituality,Yoga,Musician,Limited Edition Sneakers,"₹20,000+",Coffee Maker
79,Female,Corporate,Science & Space,Painting,Athlete,Handbag,₹2000-₹5000,Concert Tickets
35,Male,Housewarming,Gaming,Podcasting,Scientist,Coffee Maker,₹2000-₹5000,Painting Kit
76,Non-binary,Wedding,Tech,Hiking,Veterinarian,Candle Set,"₹20,000+",Backpack
68,Non-binary,Acheivement,Luxury,Car Collecting,Freelancer,Sports Jersey,₹2000-₹5000,Bluetooth Earbuds
12,Female,Farewell,Gaming,Cycling,Artist,Limited Edition Sneakers,₹500-₹2000,Handbag
58,Other,Appreciation,DIY,Sports,Scientist,Board Game,₹500-₹2000,Subscription Box
53,Male,Acheivement,DIY,Yoga,Actor,Portable Speaker,₹2000-₹5000,Handbag
34,Female,Wedding,Tech,Sports,Scientist,Headphones,₹500-₹2000,Customized Notebook
78,Non-binary,Appreciation,Art,Photography,Freelancer,Luxury Pen,₹2000-₹5000,Board Game
53,Non-binary,Appreciation,Luxury,Martial Arts,Student,Pet Accessories,"₹20,000+",Pet Accessories
38,Female,Farewell,Self-care,Travel Blogging,Teacher,Sports Jersey,₹2000-₹5000,Tea Collection Set
33,Other,Farewell,Tech,Calligraphy,Student,Limited Edition Sneakers,"₹10,000-₹20,000",Running Shoes
36,Other,Retirement,Collectibles,Fishing,Lawyer,Sunglasses,"₹10,000-₹20,000",Digital Drawing Tablet
54,Other,Housewarming,Fashion,Podcasting,Therapist,Coffee Maker,"₹20,000+",Leather Wallet
7,Male,Farewell,Fashion,Calligraphy,Stock Trader,Personalized Mug,"₹5000-₹10,000",Camping Gear
65,Male,Wedding,Art,Meditation,Psychologist,Perfume,₹100-₹500,E-Reader
20,Prefer not to say,Housewarming,Eco-friendly,Archery,Freelancer,Handbag,₹500-₹2000,Personalized Mug
21,Non-binary,Housewarming,Fashion,Dancing,Musician,Pet Accessories,₹500-₹2000,Comic Books
14,Non-binary,Farewell,Fitness,Calligraphy,Therapist,Limited Edition Sneakers,₹100-₹500,Handmade Soap Set
46,Female,Retirement,Fitness,Sports,Artist,Concert Tickets,₹100-₹500,Backpack
40,Male,Housewarming,Adventure,Archery,Freelancer,Portable Speaker,"₹10,000-₹20,000",Drone
44,Male,Wedding,Fashion,Fishing,Athlete,Smartwatch,"₹10,000-₹20,000",Pet Accessories
13,Male,Festival,Fashion,Podcasting,Therapist,Luxury Pen,₹100-₹500,Vinyl Records
19,Male,Corporate,Travel,Meditation,Freelancer,Luxury Pen,"₹10,000-₹20,000",Sunglasses
48,Female,Anniversary,Luxury,Yoga,Fashion Designer,Drone,"₹5000-₹10,000",Gift Card
9,Non-binary,Festival,Fitness,Cycling,Chef,Customized Notebook,"₹20,000+",Limited Edition Sneakers
51,Female,Farewell,Tech,Car Collecting,Fashion Designer,VR Headset,"₹20,000+",Handmade Soap Set
6,Prefer not to say,Acheivement,DIY,Baking,Fashion Designer,Gaming Console,₹500-₹2000,Sports Jersey
33,Male,Corporate,Collectibles,Podcasting,Lawyer,VR Headset,₹500-₹2000,Painting Kit
22,Non-binary,Anniversary,Travel,Gardening,Engineer,Wireless Charger,₹500-₹2000,Leather Wallet
20,Non-binary,Retirement,Music,Fishing,Designer,Perfume,₹500-₹2000,E-Reader
41,Prefer not to say,Housewarming,Productivity,Painting,Scientist,Luxury Pen,"₹10,000-₹20,000",Handbag
65,Non-binary,Housewarming,Fashion,Hiking,Researcher,Personalized Mug,"₹5000-₹10,000",E-Reader
13,Other,Corporate,Luxury,Dancing,Freelancer,Handbag,₹2000-₹5000,Running Shoes
68,Female,Corporate,Spirituality,Meditation,Astronomer,Backpack,₹100-₹500,Perfume
68,Non-binary,Farewell,Spirituality,Travel Blogging,Lawyer,Customized Notebook,₹500-₹2000,Customized Notebook
19,Male,Appreciation,Eco-friendly,Fishing,Veterinarian,Gift Card,₹100-₹500,Vinyl Records
5,Non-binary,Milestone Hitting,Productivity,Car Collecting,Teacher,Sunglasses,"₹10,000-₹20,000",Running Shoes
16,Male,Bachelorette,Adventure,Reading,Musician,Gift Card,"₹5000-₹10,000",Pet Accessories
70,Prefer not to say,Farewell,Pets,Woodworking,Biotechnologist,Fitness Tracker,"₹20,000+",Smart Speaker
77,Non-binary,Graduation,Art,Astrophotography,Astronomer,Jewelry,"₹10,000-₹20,000",Gaming Console
31,Prefer not to say,Bachelorette,Spirituality,Reading,Athlete,Wireless Charger,₹100-₹500,Leather Wallet
48,Male,Birthday,Travel,Cycling,Teacher,Luxury Pen,₹500-₹2000,Customized Notebook
14,Female,Housewarming,Adventure,Calligraphy,Engineer,Subscription Box,₹100-₹500,Pet Accessories
77,Female,Graduation,Music,Baking,Scientist,Shoes,₹500-₹2000,Action Figures
12,Other,Festival,Self-care,Dancing,Athlete,Limited Edition Sneakers,"₹5000-₹10,000",Gift Card
73,Other,Wedding,Fashion,Writing,Pilot,Candle Set,"₹20,000+",Mini Projector
68,Female,Acheivement,Gourmet,Gardening,Artist,VR Headset,₹100-₹500,Tea Collection Set
35,Other,Success,Self-care,Cycling,Biotechnologist,Smartwatch,"₹20,000+",Succulent Plant Set
41,Female,Corporate,Self-care,Photography,Teacher,Skincare Set,₹500-₹2000,Personalized Keychain
5,Prefer not to say,Festival,Spirituality,Painting,Teacher,Customized Notebook,"₹5000-₹10,000",Personalized Keychain
80,Prefer not to say,Wedding,Books,Fishing,Entrepreneur,Customized Notebook,₹2000-₹5000,Laptop Stand
70,Female,Corporate,Fitness,Travel Blogging,Astronomer,Pet Accessories,₹500-₹2000,Action Figures
26,Prefer not to say,Housewarming,Gourmet,Writing,Researcher,Coffee Maker,"₹20,000+",Pet Accessories
36,Female,Farewell,Home Decor,Cycling,Athlete,Luxury Pen,₹100-₹500,Puzzle Set
54,Female,Housewarming,Adventure,Meditation,Freelancer,Concert Tickets,"₹5000-₹10,000",Succulent Plant Set
44,Female,Corporate,Tech,Podcasting,Stock Trader,Board Game,"₹5000-₹10,000",Perfume
48,Other,Festival,Art,Gardening,Psychologist,Fitness Tracker,₹500-₹2000,Sports Jersey
6,Male,Baby Shower,Adventure,Dancing,Athlete,Pet Accessories,"₹5000-₹10,000",Portable Speaker
16,Non-binary,Farewell,Adventure,Singing,Researcher,Candle Set,₹500-₹2000,Gift Card
49,Prefer not to say,Corporate,Eco-friendly,Travel Blogging,Student,Pet Accessories,₹100-₹500,Luxury Pen
51,Male,Appreciation,Fitness,Podcasting,Fashion Designer,Drone,"₹20,000+",Customized Notebook
26,Prefer not to say,Success,Productivity,Gaming,Engineer,Wireless Charger,₹100-₹500,Comic Books
10,Female,Festival,Self-care,Woodworking,Therapist,Candle Set,"₹5000-₹10,000",Succulent Plant Set
59,Prefer not to say,Festival,DIY,Yoga,Chef,Book,₹500-₹2000,Camping Gear
14,Female,Success,Art,Fishing,Scientist,Personalized Mug,"₹5000-₹10,000",Customized Notebook
7,Non-binary,Farewell,Gourmet,Martial Arts,Engineer,Candle Set,"₹10,000-₹20,000",Luxury Pen
68,Female,Appreciation,Self-care,Painting,Artist,Perfume,"₹5000-₹10,000",Action Figures
8,Prefer not to say,Festival,DIY,Reading,Actor,Sunglasses,₹100-₹500,Massage Gun
61,Female,Anniversary,Fitness,Astrophotography,Fashion Designer,Portable Speaker,"₹20,000+",Shoes
52,Prefer not to say,Retirement,Music,Photography,Pilot,Drone,"₹20,000+",Jewelry
16,Other,Baby Shower,Anime & Comics,Podcasting,Veterinarian,Portable Speaker,₹2000-₹5000,Wireless Charger
78,Male,Farewell,Spirituality,Astrophotography,Psychologist,Candle Set,"₹20,000+",Drone
52,Prefer not to say,Acheivement,Tech,Photography,Astronomer,Book,₹2000-₹5000,Massage Gun
70,Female,Festival,Luxury,Martial Arts,Researcher,Book,₹2000-₹5000,Coffee Maker
42,Female,Milestone Hitting,Spirituality,Woodworking,Therapist,Candle Set,₹100-₹500,Laptop Stand
62,Non-binary,Appreciation,Home Decor,Robotics,Astronomer,Sunglasses,"₹20,000+",Mini Projector
24,Male,Anniversary,Eco-friendly,Dancing,Designer,Jewelry,"₹10,000-₹20,000",VR Headset
48,Male,Baby Shower,Tech,Painting,Therapist,Limited Edition Sneakers,"₹5000-₹10,000",Succulent Plant Set
31,Non-binary,Anniversary,Science & Space,Podcasting,Athlete,Skincare Set,₹500-₹2000,Handbag
26,Non-binary,Milestone Hitting,Gourmet,Cooking,Designer,Gift Card,"₹5000-₹10,000",Handbag
31,Other,Housewarming,Art,Podcasting,Musician,Luxury Pen,₹100-₹500,Fitness Tracker
59,Male,Festival,Adventure,Martial Arts,Engineer,Limited Edition Sneakers,₹500-₹2000,Handbag
64,Male,Appreciation,Spirituality,Cycling,Psychologist,Limited Edition Sneakers,₹100-₹500,Smart Home Device
28,Non-binary,Acheivement,Collectibles,Photography,Engineer,Smartwatch,"₹10,000-₹20,000",Book
10,Other,Housewarming,Fitness,Dancing,Business Owner,Limited Edition Sneakers,₹100-₹500,Book
54,Male,Festival,Art,Meditation,Teacher,VR Headset,₹100-₹500,Drone
70,Prefer not to say,Corporate,Travel,Travel Blogging,Scientist,VR Headset,₹100-₹500,Tea Collection Set
62,Male,Festival,Travel,Writing,Designer,Drone,"₹20,000+",Running Shoes
34,Other,Housewarming,Gaming,Dancing,Doctor,Board Game,₹500-₹2000,Board Game
25,Male,Farewell,Art,Gaming,Lawyer,Sports Jersey,"₹5000-₹10,000",Personalized Keychain
14,Prefer not to say,Appreciation,Art,Robotics,Psychologist,Skincare Set,₹100-₹500,Leather Wallet
28,Female,Anniversary,Collectibles,Gaming,Lawyer,VR Headset,₹100-₹500,Limited Edition Sneakers
55,Prefer not to say,Success,Anime & Comics,Photography,Writer,Concert Tickets,₹500-₹2000,Laptop Stand
22,Female,Retirement,Music,Knitting,Astronomer,Sunglasses,"₹5000-₹10,000",Vinyl Records
15,Other,Graduation,Books,Podcasting,Musician,Perfume,₹500-₹2000,Luxury Pen
21,Prefer not to say,Bachelorette,Spirituality,Gardening,Designer,Coffee Maker,₹2000-₹5000,Backpack
20,Male,Corporate,Anime & Comics,Singing,Athlete,Book,₹2000-₹5000,Personalized Keychain
43,Female,Anniversary,Eco-friendly,Archery,Lawyer,Customized Notebook,₹2000-₹5000,Board Game
38,Non-binary,Anniversary,Tech,Astrophotography,Scientist,Gift Card,₹500-₹2000,Smartwatch
11,Other,Festival,Fitness,Woodworking,Biotechnologist,Gift Card,₹500-₹2000,Handmade Soap Set
63,Other,Birthday,Science & Space,Fishing,Biotechnologist,Board Game,"₹20,000+",Running Shoes
30,Non-binary,Birthday,Luxury,Martial Arts,Biotechnologist,Backpack,₹100-₹500,Wireless Charger
17,Female,Anniversary,Science & Space,Writing,Therapist,Book,"₹10,000-₹20,000",Laptop Stand
72,Male,Milestone Hitting,Gaming,Yoga,Astronomer,Sports Jersey,₹2000-₹5000,Smart Speaker
34,Prefer not to say,Success,Productivity,Reading,Scientist,Candle Set,₹500-₹2000,Coffee Maker
29,Female,Festival,Science & Space,Car Collecting,Freelancer,Drone,"₹20,000+",Coffee Maker
76,Prefer not to say,Graduation,Science & Space,Gaming,Veterinarian,Personalized Mug,₹2000-₹5000,Cooking Kit
56,Non-binary,Festival,Art,Car Collecting,Actor,Skincare Set,₹2000-₹5000,Laptop Stand
22,Prefer not to say,Bachelorette,Adventure,Astrophotography,Scientist,Customized Notebook,₹2000-₹5000,Personalized Mug
28,Other,Festival,Books,Fishing,Student,Drone,"₹10,000-₹20,000",Candle Set
74,Prefer not to say,Milestone Hitting,Adventure,Car Collecting,Researcher,Fitness Tracker,"₹5000-₹10,000",Vinyl Records
9,Non-binary,Success,Productivity,Woodworking,Student,Concert Tickets,"₹20,000+",Noise-Canceling Headphones
23,Female,Wedding,Gaming,Meditation,Lawyer,Sunglasses,"₹10,000-₹20,000",Personalized Mug
18,Female,Festival,Fashion,Reading,Pilot,Handbag,₹100-₹500,Book
23,Female,Success,Home Decor,Singing,Engineer,Gift Card,₹500-₹2000,VR Headset
80,Other,Festival,Collectibles,Singing,Freelancer,Luxury Pen,₹2000-₹5000,Action Figures
16,Non-binary,Bachelorette,Science & Space,Writing,Stock Trader,Headphones,₹500-₹2000,Gift Card
10,Non-binary,Wedding,Music,Writing,Student,Drone,"₹20,000+",Bluetooth Earbuds
8,Male,Corporate,Tech,Singing,Athlete,Customized Notebook,₹500-₹2000,Gift Card
74,Male,Anniversary,Tech,Car Collecting,Stock Trader,Fitness Tracker,"₹10,000-₹20,000",Headphones
18,Other,Retirement,Gaming,Fishing,Politician,Subscription Box,₹100-₹500,Handbag
71,Prefer not to say,Baby Shower,Home Decor,Astrophotography,Doctor,Shoes,"₹20,000+",Massage Gun
8,Female,Appreciation,Gourmet,Singing,Entrepreneur,Customized Notebook,"₹10,000-₹20,000",Leather Wallet
41,Other,Baby Shower,Home Decor,Yoga,Chef,Portable Speaker,₹500-₹2000,Comic Books
21,Female,Wedding,Fitness,Travel Blogging,Psychologist,Perfume,₹100-₹500,Luxury Pen
6,Prefer not to say,Bachelorette,Books,Archery,Astronomer,Headphones,"₹5000-₹10,000",Vinyl Records
24,Female,Success,Adventure,Baking,Stock Trader,Personalized Mug,"₹5000-₹10,000",Book
58,Male,Wedding,Eco-friendly,Reading,Pilot,Skincare Set,₹100-₹500,Personalized Mug
60,Male,Festival,Art,Knitting,Entrepreneur,Handbag,₹500-₹2000,Succulent Plant Set
54,Non-binary,Graduation,Books,Robotics,Veterinarian,Skincare Set,"₹5000-₹10,000",Painting Kit
55,Other,Acheivement,Music,Archery,Veterinarian,Backpack,₹100-₹500,Subscription Box
62,Non-binary,Appreciation,Spirituality,Baking,Designer,Jewelry,"₹5000-₹10,000",Shoes
37,Male,Bachelorette,Anime & Comics,Cooking,Astronomer,Concert Tickets,₹100-₹500,Bluetooth Earbuds
57,Male,Birthday,Productivity,Dancing,Researcher,Limited Edition Sneakers,"₹5000-₹10,000",Limited Edition Sneakers
12,Female,Graduation,Fashion,Woodworking,Politician,Gaming Console,"₹10,000-₹20,000",Handbag
58,Other,Retirement,Collectibles,Gardening,Athlete,Backpack,"₹10,000-₹20,000",Backpack
14,Male,Wedding,Fitness,Fishing,Researcher,Candle Set,"₹20,000+",Pet Accessories
64,Male,Birthday,Adventure,Knitting,Artist,Luxury Pen,"₹20,000+",Noise-Canceling Headphones
54,Male,Anniversary,Tech,Yoga,Student,Sports Jersey,"₹10,000-₹20,000",Personalized Mug
29,Prefer not to say,Anniversary,Fashion,Podcasting,Stock Trader,Backpack,"₹20,000+",Drone
19,Prefer not to say,Festival,Anime & Comics,Cooking,Psychologist,Customized Notebook,₹2000-₹5000,Handmade Soap Set
7,Male,Housewarming,Home Decor,Fishing,Pilot,Concert Tickets,₹500-₹2000,Gaming Console
34,Female,Birthday,Eco-friendly,Woodworking,Teacher,Fitness Tracker,"₹20,000+",Massage Gun
50,Male,Milestone Hitting,Pets,Dancing,Student,Board Game,"₹5000-₹10,000",Smart Home Device
41,Non-binary,Retirement,Art,Knitting,Fashion Designer,Fitness Tracker,₹500-₹2000,Leather Wallet
35,Prefer not to say,Acheivement,Anime & Comics,Calligraphy,Politician,Luxury Pen,"₹5000-₹10,000",Sports Jersey
30,Non-binary,Milestone Hitting,Gaming,Sports,Politician,Fitness Tracker,"₹20,000+",Subscription Box
69,Prefer not to say,Anniversary,Eco-friendly,Martial Arts,Chef,Customized Notebook,₹2000-₹5000,Perfume
51,Other,Acheivement,Tech,Meditation,Actor,Subscription Box,"₹10,000-₹20,000",Running Shoes
59,Female,Appreciation,Spirituality,Podcasting,Business Owner,Limited Edition Sneakers,₹2000-₹5000,Limited Edition Sneakers
78,Other,Retirement,Productivity,Baking,Researcher,Backpack,"₹10,000-₹20,000",Handmade Soap Set
20,Other,Wedding,Gaming,Gaming,Researcher,Subscription Box,₹2000-₹5000,Perfume
20,Male,Success,Science & Space,Singing,Freelancer,Fitness Tracker,"₹10,000-₹20,000",Cooking Kit
23,Female,Success,Gaming,Cooking,Teacher,Sunglasses,"₹20,000+",Limited Edition Sneakers
30,Other,Baby Shower,Home Decor,Cycling,Artist,Board Game,₹2000-₹5000,Book
65,Non-binary,Corporate,Music,Astrophotography,Scientist,Subscription Box,₹2000-₹5000,Succulent Plant Set
56,Female,Birthday,Fitness,Woodworking,Athlete,Portable Speaker,"₹20,000+",Tea Collection Set
28,Non-binary,Baby Shower,Spirituality,Fishing,Actor,Skincare Set,"₹5000-₹10,000",Jewelry
76,Female,Farewell,Spirituality,Podcasting,Business Owner,Concert Tickets,₹500-₹2000,Tea Collection Set
54,Other,Farewell,DIY,Martial Arts,Researcher,Luxury Pen,₹100-₹500,Gaming Console
10,Other,Acheivement,Science & Space,Robotics,Musician,Coffee Maker,"₹10,000-₹20,000",Noise-Canceling Headphones
30,Male,Wedding,Travel,Gaming,Stock Trader,Sports Jersey,₹500-₹2000,Jewelry
20,Female,Graduation,Self-care,Gaming,Astronomer,Jewelry,₹2000-₹5000,Puzzle Set
69,Other,Anniversary,Books,Martial Arts,Biotechnologist,Drone,"₹20,000+",Camping Gear
34,Female,Anniversary,Productivity,Astrophotography,Researcher,Skincare Set,₹2000-₹5000,E-Reader
19,Other,Acheivement,Eco-friendly,Podcasting,Musician,Limited Edition Sneakers,"₹20,000+",Smartwatch
74,Female,Wedding,Books,Reading,Researcher,Luxury Pen,"₹5000-₹10,000",Jewelry
40,Non-binary,Wedding,Gaming,Car Collecting,Lawyer,Gift Card,₹100-₹500,Candle Set
39,Female,Birthday,Fashion,Meditation,Musician,Customized Notebook,"₹10,000-₹20,000",Action Figures
21,Female,Corporate,Science & Space,Painting,Pilot,Handbag,"₹5000-₹10,000",Action Figures
73,Female,Milestone Hitting,Art,Dancing,Therapist,Backpack,"₹5000-₹10,000",Succulent Plant Set
71,Female,Corporate,Music,Cooking,Scientist,Skincare Set,₹2000-₹5000,Action Figures
57,Female,Milestone Hitting,Fashion,Dancing,Business Owner,Backpack,₹100-₹500,Painting Kit
8,Non-binary,Baby Shower,Self-care,Archery,Doctor,Smartwatch,"₹10,000-₹20,000",Subscription Box
19,Female,Bachelorette,Art,Martial Arts,Fashion Designer,Sports Jersey,"₹10,000-₹20,000",Handbag
72,Female,Festival,Pets,Knitting,Therapist,Subscription Box,"₹5000-₹10,000",Sports Jersey
28,Male,Acheivement,Science & Space,Gardening,Fashion Designer,Coffee Maker,₹500-₹2000,DIY Craft Kit
65,Other,Farewell,Gourmet,Hiking,Lawyer,Skincare Set,"₹10,000-₹20,000",Board Game
25,Non-binary,Bachelorette,Science & Space,Reading,Business Owner,Skincare Set,₹500-₹2000,Drone
15,Male,Corporate,Luxury,Cooking,Business Owner,Smartwatch,"₹5000-₹10,000",Digital Drawing Tablet
57,Female,Acheivement,Spirituality,Archery,Doctor,Backpack,"₹20,000+",Gift Card
63,Male,Farewell,Music,Podcasting,Lawyer,Personalized Mug,₹100-₹500,Backpack
23,Non-binary,Acheivement,Music,Travel Blogging,Musician,Gaming Console,₹500-₹2000,Smart Speaker
16,Male,Baby Shower,Adventure,Robotics,Doctor,Gift Card,"₹10,000-₹20,000",Coffee Maker
36,Non-binary,Graduation,Productivity,Singing,Astronomer,Coffee Maker,₹500-₹2000,Gaming Console
67,Male,Bachelorette,Tech,Hiking,Actor,Shoes,"₹10,000-₹20,000",Personalized Mug
36,Female,Corporate,Travel,Podcasting,Politician,Handbag,₹500-₹2000,Board Game
44,Female,Appreciation,Art,Fishing,Scientist,Shoes,₹500-₹2000,Wireless Charger
51,Male,Milestone Hitting,Music,Podcasting,Engineer,Shoes,"₹10,000-₹20,000",DIY Craft Kit
32,Other,Graduation,Books,Hiking,Freelancer,Gaming Console,"₹20,000+",Laptop Stand
30,Non-binary,Baby Shower,Travel,Photography,Fashion Designer,Gaming Console,"₹10,000-₹20,000",Mini Projector
37,Female,Baby Shower,Home Decor,Podcasting,Therapist,Board Game,₹100-₹500,Fitness Tracker
40,Female,Acheivement,Self-care,Podcasting,Therapist,Backpack,₹500-₹2000,Smart Home Device
33,Male,Graduation,Pets,Knitting,Writer,Customized Notebook,₹500-₹2000,Leather Wallet
23,Non-binary,Retirement,Books,Woodworking,Stock Trader,Customized Notebook,₹2000-₹5000,Action Figures
64,Non-binary,Bachelorette,DIY,Writing,Designer,Perfume,"₹10,000-₹20,000",Gaming Console
31,Female,Baby Shower,Tech,Writing,Politician,Subscription Box,"₹20,000+",Fitness Tracker
61,Prefer not to say,Bachelorette,Pets,Singing,Fashion Designer,Backpack,"₹5000-₹10,000",Perfume
33,Other,Bachelorette,Travel,Woodworking,Doctor,Portable Speaker,"₹10,000-₹20,000",Drone
19,Other,Appreciation,Books,Sports,Athlete,Coffee Maker,"₹20,000+",Limited Edition Sneakers
67,Female,Retirement,Music,Sports,Therapist,Book,₹2000-₹5000,Fitness Tracker
48,Non-binary,Appreciation,Fitness,Writing,Chef,Book,"₹20,000+",Mini Projector
38,Other,Festival,Tech,Dancing,Musician,Candle Set,₹500-₹2000,Customized Notebook
57,Female,Success,Eco-friendly,Dancing,Athlete,Gift Card,₹500-₹2000,Gift Card
8,Non-binary,Bachelorette,Productivity,Sports,Student,Book,"₹20,000+",Personalized Mug
25,Prefer not to say,Anniversary,Travel,Calligraphy,Musician,Perfume,"₹20,000+",Concert Tickets
9,Male,Festival,Gaming,Calligraphy,Fashion Designer,Drone,"₹5000-₹10,000",Succulent Plant Set
32,Male,Housewarming,Home Decor,Photography,Chef,Smartwatch,"₹5000-₹10,000",Fitness Tracker
25,Female,Bachelorette,Pets,Painting,Psychologist,Drone,"₹20,000+",Sports Jersey
41,Other,Graduation,Home Decor,Gardening,Therapist,Skincare Set,"₹10,000-₹20,000",Skincare Set
29,Prefer not to say,Acheivement,Science & Space,Calligraphy,Chef,Book,₹500-₹2000,Succulent Plant Set
29,Male,Appreciation,Spirituality,Reading,Stock Trader,Shoes,₹2000-₹5000,Puzzle Set
17,Non-binary,Birthday,Books,Cooking,Stock Trader,Candle Set,"₹20,000+",Tea Collection Set
32,Female,Baby Shower,Gourmet,Cooking,Engineer,Jewelry,₹2000-₹5000,Coffee Maker
29,Female,Birthday,Pets,Writing,Researcher,Luxury Pen,"₹5000-₹10,000",Shoes
54,Male,Birthday,DIY,Hiking,Fashion Designer,VR Headset,₹100-₹500,Vinyl Records
73,Non-binary,Anniversary,Music,Woodworking,Actor,Perfume,"₹5000-₹10,000",Perfume
54,Prefer not to say,Farewell,Self-care,Dancing,Musician,Handbag,₹500-₹2000,Mini Projector
6,Non-binary,Anniversary,Anime & Comics,Singing,Doctor,Gift Card,"₹5000-₹10,000",Running Shoes
58,Prefer not to say,Bachelorette,Self-care,Sports,Chef,VR Headset,₹500-₹2000,Luxury Pen
21,Female,Milestone Hitting,Pets,Robotics,Teacher,Candle Set,₹2000-₹5000,Massage Gun
18,Female,Milestone Hitting,Gourmet,Baking,Doctor,Personalized Mug,"₹20,000+",Fitness Tracker
6,Female,Retirement,Adventure,Gaming,Entrepreneur,Sports Jersey,₹100-₹500,Sunglasses
52,Prefer not to say,Corporate,Science & Space,Martial Arts,Lawyer,Shoes,"₹10,000-₹20,000",Smart Home Device
42,Prefer not to say,Milestone Hitting,Pets,Reading,Therapist,Limited Edition Sneakers,₹100-₹500,Massage Gun
9,Other,Success,Collectibles,Reading,Musician,Fitness Tracker,₹100-₹500,Concert Tickets
44,Prefer not to say,Birthday,Travel,Car Collecting,Musician,Backpack,₹2000-₹5000,Personalized Mug
64,Female,Farewell,Fitness,Astrophotography,Actor,Subscription Box,"₹5000-₹10,000",Limited Edition Sneakers
27,Male,Bachelorette,Tech,Cooking,Psychologist,Concert Tickets,₹100-₹500,Fitness Tracker
7,Prefer not to say,Milestone Hitting,Self-care,Hiking,Engineer,Concert Tickets,₹500-₹2000,Subscription Box
47,Non-binary,Corporate,Music,Martial Arts,Writer,Sports Jersey,"₹10,000-₹20,000",Smart Speaker
33,Prefer not to say,Baby Shower,Fashion,Astrophotography,Biotechnologist,Backpack,"₹20,000+",Smart Home Device
8,Female,Anniversary,Gourmet,Gardening,Engineer,Personalized Mug,"₹20,000+",Gaming Console
18,Female,Acheivement,Self-care,Photography,Business Owner,Board Game,"₹20,000+",Backpack
49,Female,Success,Tech,Writing,Artist,Customized Notebook,₹500-₹2000,Vinyl Records
7,Female,Birthday,Pets,Meditation,Stock Trader,Gaming Console,"₹20,000+",Massage Gun
48,Prefer not to say,Success,Luxury,Gardening,Fashion Designer,Board Game,₹2000-₹5000,Leather Wallet
13,Prefer not to say,Baby Shower,Collectibles,Baking,Chef,Gift Card,"₹20,000+",Laptop Stand
67,Male,Milestone Hitting,Tech,Gaming,Chef,Luxury Pen,₹500-₹2000,Jewelry
42,Non-binary,Wedding,Productivity,Robotics,Freelancer,Coffee Maker,"₹20,000+",Action Figures
23,Female,Corporate,Science & Space,Fishing,Musician,Headphones,₹100-₹500,Gaming Console
36,Male,Acheivement,DIY,Reading,Engineer,Sports Jersey,₹500-₹2000,Gift Card
14,Prefer not to say,Milestone Hitting,Productivity,Dancing,Fashion Designer,Shoes,₹500-₹2000,Smart Home Device
78,Prefer not to say,Corporate,Travel,Knitting,Engineer,Sports Jersey,"₹5000-₹10,000",Digital Drawing Tablet
57,Other,Anniversary,Self-care,Astrophotography,Musician,Limited Edition Sneakers,"₹10,000-₹20,000",Painting Kit
36,Female,Acheivement,Art,Singing,Artist,Subscription Box,₹500-₹2000,Book
60,Other,Corporate,Spirituality,Singing,Therapist,Portable Speaker,₹2000-₹5000,Smartwatch
50,Prefer not to say,Festival,Eco-friendly,Astrophotography,Fashion Designer,Headphones,"₹5000-₹10,000",Puzzle Set
39,Female,Anniversary,Luxury,Hiking,Psychologist,Gift Card,"₹5000-₹10,000",Leather Wallet
6,Male,Farewell,Books,Robotics,Fashion Designer,Smartwatch,₹500-₹2000,Subscription Box
66,Other,Festival,Pets,Meditation,Chef,Headphones,₹500-₹2000,Drone
24,Female,Baby Shower,Pets,Cooking,Freelancer,Jewelry,₹100-₹500,Candle Set
63,Female,Farewell,Adventure,Martial Arts,Musician,Pet Accessories,"₹20,000+",Luxury Pen
46,Other,Milestone Hitting,Productivity,Gaming,Researcher,Wireless Charger,₹500-₹2000,Massage Gun
35,Other,Graduation,DIY,Meditation,Researcher,Headphones,"₹10,000-₹20,000",Wireless Charger
49,Prefer not to say,Corporate,Gourmet,Woodworking,Lawyer,Drone,"₹5000-₹10,000",Headphones
72,Male,Retirement,Eco-friendly,Cycling,Business Owner,Wireless Charger,"₹20,000+",Action Figures
67,Female,Corporate,Travel,Baking,Athlete,Coffee Maker,"₹5000-₹10,000",Backpack
32,Other,Farewell,Luxury,Calligraphy,Pilot,Jewelry,"₹20,000+",Wireless Charger
68,Male,Wedding,Anime & Comics,Robotics,Freelancer,Luxury Pen,₹2000-₹5000,Handbag
52,Non-binary,Bachelorette,Productivity,Fishing,Lawyer,Concert Tickets,"₹5000-₹10,000",Limited Edition Sneakers
8,Non-binary,Farewell,Collectibles,Reading,Researcher,Smartwatch,"₹20,000+",Comic Books
11,Prefer not to say,Baby Shower,Collectibles,Sports,Student,Jewelry,"₹5000-₹10,000",Sunglasses
57,Male,Bachelorette,Art,Astrophotography,Teacher,Candle Set,"₹10,000-₹20,000",Personalized Keychain
62,Prefer not to say,Anniversary,Books,Fishing,Freelancer,Coffee Maker,"₹5000-₹10,000",Drone
6,Other,Appreciation,Spirituality,Writing,Artist,Headphones,₹100-₹500,Handmade Soap Set
78,Prefer not to say,Bachelorette,Fashion,Travel Blogging,Politician,Board Game,₹2000-₹5000,DIY Craft Kit
76,Other,Appreciation,Tech,Travel Blogging,Researcher,Sunglasses,"₹10,000-₹20,000",Personalized Mug
64,Prefer not to say,Festival,Art,Astrophotography,Fashion Designer,Drone,₹500-₹2000,Running Shoes
8,Prefer not to say,Appreciation,Fitness,Hiking,Actor,Limited Edition Sneakers,₹2000-₹5000,Skincare Set
38,Female,Appreciation,DIY,Travel Blogging,Researcher,Backpack,₹100-₹500,Bluetooth Earbuds
18,Non-binary,Graduation,Gourmet,Robotics,Athlete,Pet Accessories,"₹20,000+",Customized Notebook
31,Female,Farewell,Eco-friendly,Archery,Actor,Board Game,₹500-₹2000,Comic Books
5,Prefer not to say,Corporate,Gourmet,Knitting,Veterinarian,Headphones,"₹20,000+",Limited Edition Sneakers
43,Male,Wedding,Adventure,Photography,Musician,Luxury Pen,"₹20,000+",Bluetooth Earbuds
50,Prefer not to say,Retirement,Gourmet,Robotics,Politician,Coffee Maker,₹500-₹2000,Subscription Box
61,Non-binary,Graduation,Eco-friendly,Robotics,Psychologist,Wireless Charger,₹100-₹500,Painting Kit
23,Female,Wedding,Pets,Fishing,Researcher,Luxury Pen,"₹10,000-₹20,000",Candle Set
8,Other,Graduation,Eco-friendly,Car Collecting,Veterinarian,Gaming Console,₹2000-₹5000,Cooking Kit
67,Male,Wedding,Pets,Cooking,Psychologist,Sports Jersey,"₹20,000+",Noise-Canceling Headphones
10,Female,Baby Shower,Gaming,Gardening,Engineer,Skincare Set,"₹10,000-₹20,000",Massage Gun
35,Prefer not to say,Retirement,Fitness,Yoga,Freelancer,Gift Card,"₹5000-₹10,000",Handbag
32,Other,Milestone Hitting,Science & Space,Podcasting,Scientist,Skincare Set,₹2000-₹5000,Candle Set
17,Male,Acheivement,Music,Writing,Business Owner,Book,₹500-₹2000,Skincare Set
45,Non-binary,Baby Shower,Travel,Robotics,Business Owner,Fitness Tracker,"₹20,000+",DIY Craft Kit
7,Female,Farewell,Spirituality,Podcasting,Fashion Designer,Jewelry,₹500-₹2000,E-Reader
11,Female,Success,Productivity,Painting,Entrepreneur,Headphones,"₹10,000-₹20,000",Succulent Plant Set
64,Other,Wedding,Music,Calligraphy,Entrepreneur,Personalized Mug,"₹10,000-₹20,000",Shoes
45,Prefer not to say,Graduation,Gourmet,Hiking,Astronomer,Smartwatch,"₹10,000-₹20,000",Gift Card
32,Female,Appreciation,Books,Gardening,Business Owner,Wireless Charger,₹500-₹2000,Backpack
22,Female,Appreciation,Gaming,Knitting,Freelancer,Smartwatch,₹500-₹2000,Concert Tickets
57,Male,Wedding,Music,Hiking,Doctor,Candle Set,₹500-₹2000,Painting Kit
16,Female,Farewell,Gourmet,Gaming,Politician,Wireless Charger,₹100-₹500,Gift Card
39,Female,Farewell,Eco-friendly,Archery,Entrepreneur,Sunglasses,₹2000-₹5000,Fitness Tracker
60,Female,Farewell,Pets,Baking,Veterinarian,Board Game,₹100-₹500,Puzzle Set
34,Other,Success,Gaming,Painting,Musician,Jewelry,"₹10,000-₹20,000",Personalized Keychain
10,Female,Anniversary,Luxury,Gaming,Stock Trader,Jewelry,₹2000-₹5000,Succulent Plant Set
48,Non-binary,Acheivement,Adventure,Yoga,Musician,Portable Speaker,"₹5000-₹10,000",Perfume
77,Other,Corporate,Home Decor,Astrophotography,Entrepreneur,Board Game,₹500-₹2000,Coffee Maker
19,Prefer not to say,Milestone Hitting,Pets,Writing,Lawyer,Pet Accessories,"₹20,000+",Succulent Plant Set
35,Prefer not to say,Bachelorette,Science & Space,Sports,Student,Subscription Box,"₹10,000-₹20,000",Noise-Canceling Headphones
42,Male,Birthday,Pets,Sports,Biotechnologist,Luxury Pen,₹2000-₹5000,Mini Projector
69,Male,Graduation,Anime & Comics,Photography,Doctor,Drone,"₹5000-₹10,000",DIY Craft Kit
56,Female,Corporate,Home Decor,Painting,Entrepreneur,Headphones,"₹10,000-₹20,000",DIY Craft Kit
37,Non-binary,Success,Travel,Robotics,Stock Trader,Luxury Pen,"₹20,000+",Mini Projector
64,Other,Success,DIY,Baking,Writer,Handbag,₹500-₹2000,Painting Kit
46,Male,Festival,Fitness,Martial Arts,Athlete,Gaming Console,"₹10,000-₹20,000",Succulent Plant Set
75,Non-binary,Graduation,Art,Dancing,Pilot,Jewelry,"₹10,000-₹20,000",Camping Gear
23,Other,Anniversary,Luxury,Meditation,Student,Shoes,"₹20,000+",Concert Tickets
50,Prefer not to say,Baby Shower,Gourmet,Baking,Astronomer,Coffee Maker,₹100-₹500,Smart Home Device
16,Male,Farewell,Anime & Comics,Woodworking,Artist,Luxury Pen,"₹20,000+",Smartwatch
50,Prefer not to say,Appreciation,Science & Space,Yoga,Fashion Designer,Portable Speaker,₹2000-₹5000,Skincare Set
80,Prefer not to say,Retirement,Tech,Travel Blogging,Fashion Designer,Backpack,₹100-₹500,Action Figures
6,Other,Birthday,Tech,Car Collecting,Business Owner,Wireless Charger,"₹10,000-₹20,000",Skincare Set
59,Prefer not to say,Farewell,Art,Meditation,Chef,Limited Edition Sneakers,₹2000-₹5000,Noise-Canceling Headphones
59,Prefer not to say,Farewell,Fashion,Meditation,Stock Trader,Personalized Mug,"₹10,000-₹20,000",Sports Jersey
71,Non-binary,Farewell,Pets,Reading,Politician,Luxury Pen,₹2000-₹5000,Skincare Set
49,Other,Wedding,DIY,Reading,Student,Jewelry,"₹20,000+",Tea Collection Set
73,Female,Corporate,Pets,Cooking,Scientist,Customized Notebook,₹2000-₹5000,Action Figures
29,Non-binary,Birthday,Fitness,Car Collecting,Scientist,Shoes,₹100-₹500,Personalized Keychain
42,Female,Birthday,Spirituality,Reading,Fashion Designer,Subscription Box,₹2000-₹5000,Action Figures
74,Prefer not to say,Birthday,Fashion,Dancing,Engineer,Wireless Charger,₹500-₹2000,Smart Home Device
10,Male,Success,DIY,Gaming,Artist,Portable Speaker,₹2000-₹5000,Skincare Set
23,Female,Festival,Productivity,Singing,Doctor,Luxury Pen,"₹10,000-₹20,000",Customized Notebook
10,Non-binary,Wedding,Productivity,Martial Arts,Chef,Gift Card,"₹5000-₹10,000",Mini Projector
38,Male,Baby Shower,Anime & Comics,Photography,Teacher,Fitness Tracker,₹2000-₹5000,Skincare Set
73,Non-binary,Housewarming,Science & Space,Meditation,Entrepreneur,Board Game,₹2000-₹5000,DIY Craft Kit
7,Other,Festival,Eco-friendly,Astrophotography,Engineer,Backpack,₹500-₹2000,Comic Books
32,Other,Bachelorette,Anime & Comics,Singing,Musician,Candle Set,₹100-₹500,Wireless Charger
39,Other,Housewarming,Fashion,Writing,Designer,Drone,"₹10,000-₹20,000",Gift Card
17,Prefer not to say,Festival,Fitness,Hiking,Business Owner,Portable Speaker,"₹10,000-₹20,000",Candle Set
43,Other,Success,Tech,Yoga,Student,VR Headset,₹2000-₹5000,Comic Books
45,Male,Housewarming,Tech,Reading,Fashion Designer,Subscription Box,₹500-₹2000,E-Reader
15,Other,Appreciation,Books,Car Collecting,Student,Customized Notebook,"₹10,000-₹20,000",Succulent Plant Set
48,Female,Festival,Pets,Yoga,Writer,Subscription Box,₹500-₹2000,Massage Gun
44,Non-binary,Acheivement,Luxury,Car Collecting,Teacher,Headphones,₹100-₹500,DIY Craft Kit
63,Prefer not to say,Acheivement,Art,Astrophotography,Astronomer,Personalized Mug,"₹20,000+",Gaming Console
48,Prefer not to say,Retirement,Spirituality,Astrophotography,Fashion Designer,Pet Accessories,"₹5000-₹10,000",Personalized Keychain
35,Male,Graduation,Books,Cycling,Lawyer,Luxury Pen,"₹20,000+",Noise-Canceling Headphones
79,Female,Success,Eco-friendly,Archery,Musician,Shoes,"₹5000-₹10,000",Sports Jersey
45,Female,Wedding,Productivity,Martial Arts,Engineer,VR Headset,₹100-₹500,Handbag
7,Male,Acheivement,Eco-friendly,Yoga,Teacher,Headphones,"₹20,000+",VR Headset
67,Other,Birthday,Travel,Singing,Artist,Personalized Mug,₹500-₹2000,Smartwatch
18,Male,Farewell,Luxury,Photography,Artist,Gift Card,₹2000-₹5000,Jewelry
73,Male,Appreciation,Tech,Hiking,Athlete,Luxury Pen,"₹10,000-₹20,000",Smartwatch
67,Female,Wedding,Fashion,Painting,Artist,Book,"₹20,000+",Perfume
43,Prefer not to say,Farewell,Gaming,Podcasting,Fashion Designer,Perfume,₹500-₹2000,Book
49,Non-binary,Wedding,Pets,Cycling,Scientist,Wireless Charger,"₹20,000+",Noise-Canceling Headphones
60,Male,Farewell,Science & Space,Robotics,Veterinarian,Handbag,₹500-₹2000,Pet Accessories
46,Male,Acheivement,Eco-friendly,Gaming,Chef,Book,₹100-₹500,Camping Gear
64,Non-binary,Retirement,Collectibles,Writing,Entrepreneur,Customized Notebook,"₹10,000-₹20,000",Smartwatch
74,Other,Wedding,Art,Podcasting,Lawyer,Gift Card,"₹10,000-₹20,000",Action Figures
17,Male,Housewarming,Gourmet,Writing,Athlete,VR Headset,"₹10,000-₹20,000",Camping Gear
61,Male,Housewarming,Productivity,Podcasting,Artist,Backpack,₹100-₹500,Gift Card
41,Male,Housewarming,DIY,Woodworking,Biotechnologist,Handbag,₹500-₹2000,Laptop Stand
15,Female,Acheivement,Self-care,Martial Arts,Pilot,Candle Set,"₹20,000+",Personalized Keychain
80,Non-binary,Baby Shower,Gourmet,Astrophotography,Chef,Luxury Pen,"₹5000-₹10,000",Backpack
39,Male,Wedding,Art,Meditation,Doctor,Gift Card,₹100-₹500,VR Headset
65,Non-binary,Birthday,Music,Cooking,Scientist,Handbag,₹100-₹500,Handmade Soap Set
44,Female,Graduation,Spirituality,Hiking,Musician,Board Game,₹2000-₹5000,Skincare Set
55,Female,Anniversary,Gourmet,Travel Blogging,Business Owner,Board Game,"₹5000-₹10,000",Noise-Canceling Headphones
18,Prefer not to say,Farewell,Home Decor,Singing,Pilot,Skincare Set,"₹5000-₹10,000",Smart Speaker
72,Prefer not to say,Housewarming,Productivity,Cooking,Musician,Backpack,"₹10,000-₹20,000",Handbag
70,Male,Festival,Art,Calligraphy,Pilot,Limited Edition Sneakers,₹500-₹2000,Board Game
50,Male,Milestone Hitting,Gourmet,Martial Arts,Actor,Perfume,₹100-₹500,Perfume
5,Other,Farewell,Science & Space,Fishing,Entrepreneur,Limited Edition Sneakers,₹500-₹2000,Massage Gun
9,Prefer not to say,Housewarming,Gaming,Cycling,Chef,Concert Tickets,"₹5000-₹10,000",Smart Home Device
75,Non-binary,Housewarming,Science & Space,Cycling,Psychologist,Concert Tickets,"₹5000-₹10,000",Vinyl Records
73,Non-binary,Retirement,Eco-friendly,Reading,Lawyer,Backpack,₹500-₹2000,Handmade Soap Set
48,Male,Housewarming,Gaming,Photography,Artist,Fitness Tracker,"₹20,000+",Smart Home Device
5,Other,Farewell,Pets,Photography,Freelancer,Fitness Tracker,"₹10,000-₹20,000",Digital Drawing Tablet
77,Non-binary,Retirement,Luxury,Travel Blogging,Musician,VR Headset,₹100-₹500,Headphones
46,Prefer not to say,Corporate,Travel,Cooking,Pilot,Shoes,₹500-₹2000,Fitness Tracker
40,Female,Corporate,Music,Writing,Lawyer,Smartwatch,"₹10,000-₹20,000",Handbag
43,Non-binary,Birthday,Collectibles,Reading,Artist,Customized Notebook,₹100-₹500,Wireless Charger
79,Prefer not to say,Anniversary,Gourmet,Gardening,Politician,Handbag,₹100-₹500,Sports Jersey
27,Male,Corporate,Travel,Singing,Psychologist,Luxury Pen,"₹5000-₹10,000",Puzzle Set
40,Male,Graduation,Self-care,Singing,Astronomer,Subscription Box,₹100-₹500,Shoes
32,Prefer not to say,Housewarming,Music,Meditation,Writer,Concert Tickets,"₹5000-₹10,000",Gift Card
77,Female,Anniversary,Self-care,Photography,Student,Book,₹2000-₹5000,Personalized Keychain
58,Non-binary,Birthday,Adventure,Painting,Scientist,Coffee Maker,"₹20,000+",Luxury Pen
26,Non-binary,Anniversary,Tech,Painting,Scientist,Limited Edition Sneakers,"₹20,000+",Luxury Pen
16,Other,Festival,Tech,Painting,Astronomer,Gaming Console,₹2000-₹5000,Pet Accessories
26,Other,Appreciation,Home Decor,Singing,Teacher,Candle Set,"₹20,000+",Customized Notebook
18,Female,Acheivement,Gaming,Painting,Actor,Coffee Maker,₹2000-₹5000,Limited Edition Sneakers
14,Female,Milestone Hitting,Pets,Meditation,Teacher,Shoes,₹100-₹500,Painting Kit
49,Non-binary,Milestone Hitting,Books,Gaming,Researcher,Gaming Console,₹500-₹2000,Puzzle Set
38,Non-binary,Birthday,Travel,Car Collecting,Entrepreneur,Headphones,"₹10,000-₹20,000",Succulent Plant Set
34,Other,Housewarming,Travel,Car Collecting,Psychologist,Limited Edition Sneakers,₹100-₹500,Candle Set
55,Other,Graduation,Home Decor,Photography,Pilot,Candle Set,₹500-₹2000,Skincare Set
57,Non-binary,Acheivement,Eco-friendly,Sports,Musician,Sunglasses,"₹10,000-₹20,000",Luxury Pen
28,Female,Housewarming,Collectibles,Cooking,Veterinarian,Shoes,"₹5000-₹10,000",Running Shoes
74,Male,Farewell,Eco-friendly,Travel Blogging,Astronomer,Board Game,₹100-₹500,Shoes
79,Male,Farewell,Science & Space,Robotics,Stock Trader,Portable Speaker,₹500-₹2000,Action Figures
42,Male,Wedding,Science & Space,Meditation,Veterinarian,Jewelry,"₹10,000-₹20,000",VR Headset
61,Prefer not to say,Bachelorette,Collectibles,Podcasting,Entrepreneur,Concert Tickets,₹2000-₹5000,Candle Set
59,Prefer not to say,Success,Spirituality,Yoga,Therapist,Handbag,"₹5000-₹10,000",Coffee Maker
10,Male,Bachelorette,Tech,Painting,Politician,Limited Edition Sneakers,₹2000-₹5000,Massage Gun
69,Other,Farewell,Gourmet,Fishing,Pilot,Handbag,₹500-₹2000,Gift Card
8,Prefer not to say,Acheivement,Science & Space,Gardening,Artist,Handbag,"₹5000-₹10,000",Pet Accessories
36,Non-binary,Success,Tech,Astrophotography,Musician,Backpack,"₹10,000-₹20,000",Mini Projector
32,Female,Graduation,Fashion,Martial Arts,Researcher,Drone,"₹20,000+",Headphones
20,Prefer not to say,Wedding,Luxury,Cycling,Stock Trader,Sunglasses,₹500-₹2000,Customized Notebook
70,Other,Retirement,Collectibles,Astrophotography,Writer,Book,₹500-₹2000,Luxury Pen
76,Other,Corporate,Productivity,Gardening,Artist,Limited Edition Sneakers,₹2000-₹5000,Mini Projector
5,Prefer not to say,Birthday,Travel,Robotics,Fashion Designer,VR Headset,₹500-₹2000,Vinyl Records
54,Other,Appreciation,Anime & Comics,Calligraphy,Entrepreneur,Customized Notebook,"₹5000-₹10,000",Cooking Kit
75,Male,Milestone Hitting,Pets,Archery,Scientist,Gaming Console,"₹5000-₹10,000",Personalized Mug
13,Prefer not to say,Milestone Hitting,Adventure,Yoga,Therapist,Luxury Pen,"₹20,000+",Laptop Stand
61,Other,Corporate,Pets,Gaming,Psychologist,Luxury Pen,₹500-₹2000,Candle Set
27,Prefer not to say,Retirement,Luxury,Baking,Chef,Fitness Tracker,₹2000-₹5000,Subscription Box
37,Other,Anniversary,Fashion,Baking,Chef,Customized Notebook,₹500-₹2000,Backpack
67,Male,Appreciation,Collectibles,Writing,Psychologist,Headphones,"₹20,000+",Pet Accessories
74,Prefer not to say,Bachelorette,Home Decor,Painting,Student,Wireless Charger,"₹5000-₹10,000",Limited Edition Sneakers
36,Prefer not to say,Appreciation,DIY,Cycling,Veterinarian,Board Game,"₹10,000-₹20,000",Bluetooth Earbuds
77,Female,Retirement,Gourmet,Calligraphy,Therapist,Limited Edition Sneakers,"₹5000-₹10,000",Limited Edition Sneakers
22,Female,Corporate,Books,Yoga,Biotechnologist,Gift Card,"₹20,000+",Book
44,Male,Anniversary,Spirituality,Gaming,Astronomer,Handbag,₹500-₹2000,Subscription Box
42,Non-binary,Festival,Tech,Cooking,Doctor,Backpack,₹2000-₹5000,Personalized Keychain
7,Other,Milestone Hitting,Spirituality,Gaming,Therapist,Drone,₹2000-₹5000,Laptop Stand
42,Non-binary,Retirement,Tech,Writing,Artist,Drone,"₹10,000-₹20,000",Drone
9,Female,Graduation,Music,Fishing,Biotechnologist,Perfume,"₹20,000+",Luxury Pen
35,Male,Retirement,Fashion,Knitting,Psychologist,Wireless Charger,"₹10,000-₹20,000",Leather Wallet
60,Other,Birthday,Fitness,Cooking,Entrepreneur,Gift Card,₹2000-₹5000,Cooking Kit
28,Female,Wedding,Eco-friendly,Knitting,Teacher,Sports Jersey,₹500-₹2000,Limited Edition Sneakers
10,Non-binary,Acheivement,Anime & Comics,Writing,Freelancer,Subscription Box,"₹5000-₹10,000",Candle Set
29,Prefer not to say,Baby Shower,Anime & Comics,Photography,Politician,Board Game,₹500-₹2000,Book
38,Female,Housewarming,Adventure,Cooking,Stock Trader,Gaming Console,₹500-₹2000,Succulent Plant Set
32,Prefer not to say,Success,Travel,Painting,Fashion Designer,Sports Jersey,₹2000-₹5000,Mini Projector
31,Non-binary,Baby Shower,Spirituality,Archery,Engineer,Headphones,"₹20,000+",Smart Home Device
24,Female,Birthday,Tech,Martial Arts,Lawyer,Candle Set,₹2000-₹5000,Handbag
23,Non-binary,Milestone Hitting,Gourmet,Fishing,Scientist,Limited Edition Sneakers,"₹20,000+",Smart Speaker
35,Male,Festival,Fitness,Reading,Biotechnologist,Gift Card,₹500-₹2000,Comic Books
71,Female,Farewell,Spirituality,Singing,Athlete,Sports Jersey,₹2000-₹5000,Handmade Soap Set
75,Female,Housewarming,Art,Writing,Fashion Designer,Board Game,"₹5000-₹10,000",Laptop Stand
75,Non-binary,Appreciation,Pets,Sports,Athlete,Handbag,"₹20,000+",Tea Collection Set
21,Non-binary,Appreciation,Fashion,Podcasting,Psychologist,Book,₹2000-₹5000,Painting Kit
72,Male,Farewell,Collectibles,Car Collecting,Lawyer,Customized Notebook,"₹20,000+",Jewelry
47,Non-binary,Success,Pets,Baking,Artist,Concert Tickets,"₹10,000-₹20,000",Fitness Tracker
34,Female,Appreciation,Fashion,Gardening,Stock Trader,Luxury Pen,"₹5000-₹10,000",Tea Collection Set
67,Non-binary,Milestone Hitting,Pets,Singing,Designer,Handbag,"₹20,000+",DIY Craft Kit
13,Other,Graduation,Fitness,Photography,Teacher,VR Headset,"₹10,000-₹20,000",Drone
42,Non-binary,Retirement,Books,Calligraphy,Veterinarian,Limited Edition Sneakers,"₹10,000-₹20,000",Concert Tickets
65,Non-binary,Housewarming,Adventure,Martial Arts,Musician,Skincare Set,"₹10,000-₹20,000",Headphones
46,Other,Farewell,Fitness,Meditation,Entrepreneur,Gaming Console,₹2000-₹5000,Running Shoes
35,Non-binary,Anniversary,Home Decor,Martial Arts,Business Owner,Headphones,₹500-₹2000,Limited Edition Sneakers
8,Non-binary,Graduation,Fitness,Painting,Entrepreneur,Limited Edition Sneakers,"₹5000-₹10,000",Customized Notebook
78,Prefer not to say,Graduation,Adventure,Robotics,Designer,Customized Notebook,"₹5000-₹10,000",Painting Kit
65,Other,Housewarming,Luxury,Writing,Teacher,Book,₹100-₹500,Sports Jersey
26,Male,Festival,Eco-friendly,Baking,Scientist,Limited Edition Sneakers,"₹5000-₹10,000",Fitness Tracker
45,Other,Corporate,Fashion,Calligraphy,Stock Trader,Subscription Box,"₹20,000+",Shoes
26,Non-binary,Farewell,Productivity,Podcasting,Writer,Customized Notebook,₹100-₹500,Fitness Tracker
57,Prefer not to say,Farewell,Gourmet,Sports,Artist,Subscription Box,"₹20,000+",Smart Speaker
32,Non-binary,Success,Collectibles,Hiking,Student,Customized Notebook,₹500-₹2000,Jewelry
49,Female,Corporate,Eco-friendly,Gardening,Chef,Shoes,"₹5000-₹10,000",Board Game
75,Other,Farewell,Pets,Podcasting,Business Owner,Customized Notebook,"₹20,000+",Drone
80,Non-binary,Retirement,Home Decor,Travel Blogging,Biotechnologist,Personalized Mug,"₹5000-₹10,000",Limited Edition Sneakers
55,Female,Corporate,Art,Gaming,Writer,Backpack,"₹20,000+",Jewelry
44,Prefer not to say,Acheivement,Eco-friendly,Yoga,Freelancer,Skincare Set,"₹20,000+",Concert Tickets
13,Other,Appreciation,Pets,Travel Blogging,Fashion Designer,Drone,"₹20,000+",Fitness Tracker
29,Non-binary,Housewarming,Eco-friendly,Fishing,Biotechnologist,VR Headset,₹100-₹500,Smart Speaker
53,Other,Milestone Hitting,Tech,Martial Arts,Engineer,Customized Notebook,₹500-₹2000,Massage Gun
71,Prefer not to say,Bachelorette,Art,Writing,Writer,Personalized Mug,"₹5000-₹10,000",Puzzle Set
17,Other,Wedding,Books,Podcasting,Politician,Handbag,"₹10,000-₹20,000",Action Figures
29,Prefer not to say,Festival,Productivity,Knitting,Biotechnologist,Jewelry,"₹10,000-₹20,000",Digital Drawing Tablet
14,Female,Housewarming,Fashion,Cycling,Actor,Concert Tickets,"₹20,000+",Camping Gear
35,Non-binary,Housewarming,Adventure,Car Collecting,Doctor,Drone,₹2000-₹5000,Running Shoes
44,Non-binary,Acheivement,Pets,Hiking,Chef,Coffee Maker,₹500-₹2000,Handmade Soap Set
48,Prefer not to say,Festival,Collectibles,Photography,Actor,Limited Edition Sneakers,₹500-₹2000,Handmade Soap Set
9,Prefer not to say,Milestone Hitting,Gaming,Singing,Chef,Gift Card,"₹20,000+",Laptop Stand
24,Non-binary,Graduation,Self-care,Knitting,Freelancer,Backpack,₹2000-₹5000,Gaming Console
64,Female,Acheivement,Science & Space,Sports,Athlete,Personalized Mug,₹2000-₹5000,Bluetooth Earbuds
8,Non-binary,Milestone Hitting,Luxury,Astrophotography,Fashion Designer,Jewelry,₹2000-₹5000,Concert Tickets
20,Prefer not to say,Appreciation,Tech,Robotics,Pilot,Drone,"₹20,000+",Smart Home Device
44,Prefer not to say,Milestone Hitting,Books,Podcasting,Pilot,Jewelry,₹500-₹2000,Smart Home Device
51,Male,Retirement,Art,Podcasting,Writer,Gaming Console,₹2000-₹5000,Coffee Maker
7,Male,Birthday,Anime & Comics,Painting,Politician,Candle Set,"₹10,000-₹20,000",Portable Speaker
52,Non-binary,Graduation,Self-care,Meditation,Business Owner,Jewelry,"₹10,000-₹20,000",Cooking Kit
50,Prefer not to say,Graduation,Art,Archery,Chef,Subscription Box,"₹5000-₹10,000",Painting Kit
38,Prefer not to say,Corporate,Fashion,Meditation,Astronomer,Book,₹500-₹2000,Board Game
37,Non-binary,Milestone Hitting,Adventure,Hiking,Researcher,Concert Tickets,₹2000-₹5000,Handbag
54,Female,Housewarming,Productivity,Calligraphy,Chef,Perfume,₹500-₹2000,Book
64,Male,Housewarming,Eco-friendly,Travel Blogging,Student,Personalized Mug,₹500-₹2000,Wireless Charger
16,Prefer not to say,Graduation,Anime & Comics,Reading,Student,Portable Speaker,"₹20,000+",Massage Gun
10,Female,Corporate,Gourmet,Photography,Lawyer,Jewelry,₹100-₹500,Gift Card
11,Non-binary,Retirement,Collectibles,Woodworking,Lawyer,VR Headset,₹500-₹2000,Limited Edition Sneakers
75,Female,Acheivement,Spirituality,Knitting,Musician,Smartwatch,₹2000-₹5000,Customized Notebook
8,Non-binary,Acheivement,Music,Cycling,Entrepreneur,Sunglasses,₹500-₹2000,Fitness Tracker
16,Other,Success,Gaming,Fishing,Biotechnologist,Sports Jersey,₹2000-₹5000,Sunglasses
10,Non-binary,Wedding,Tech,Baking,Doctor,Sports Jersey,₹2000-₹5000,Smart Home Device
72,Non-binary,Acheivement,Luxury,Fishing,Teacher,Skincare Set,"₹10,000-₹20,000",Coffee Maker
26,Female,Graduation,Gourmet,Archery,Scientist,Smartwatch,"₹10,000-₹20,000",Subscription Box
11,Female,Festival,Tech,Robotics,Artist,Sunglasses,₹100-₹500,Limited Edition Sneakers
26,Male,Farewell,Spirituality,Knitting,Pilot,Backpack,"₹20,000+",E-Reader
67,Prefer not to say,Success,Home Decor,Archery,Chef,Perfume,₹500-₹2000,Smart Home Device
62,Male,Retirement,Home Decor,Car Collecting,Astronomer,Sports Jersey,"₹10,000-₹20,000",Tea Collection Set
76,Non-binary,Corporate,Fitness,Photography,Freelancer,Limited Edition Sneakers,₹500-₹2000,Mini Projector
54,Male,Success,Travel,Hiking,Politician,Luxury Pen,₹100-₹500,Shoes
44,Female,Baby Shower,Adventure,Painting,Freelancer,Headphones,₹500-₹2000,Pet Accessories
54,Non-binary,Acheivement,Self-care,Robotics,Musician,Headphones,"₹10,000-₹20,000",Handmade Soap Set
7,Other,Farewell,Tech,Singing,Business Owner,Skincare Set,₹500-₹2000,Leather Wallet
79,Other,Milestone Hitting,Eco-friendly,Travel Blogging,Chef,Fitness Tracker,₹2000-₹5000,Limited Edition Sneakers
47,Male,Bachelorette,Productivity,Robotics,Astronomer,Fitness Tracker,"₹20,000+",Board Game
80,Other,Milestone Hitting,Travel,Calligraphy,Pilot,Sunglasses,₹500-₹2000,Sunglasses
5,Non-binary,Appreciation,Spirituality,Hiking,Lawyer,Sports Jersey,₹2000-₹5000,Skincare Set
29,Prefer not to say,Acheivement,Self-care,Fishing,Entrepreneur,Pet Accessories,"₹5000-₹10,000",Pet Accessories
5,Non-binary,Wedding,Adventure,Singing,Writer,Fitness Tracker,"₹5000-₹10,000",Board Game
66,Prefer not to say,Festival,Music,Cycling,Business Owner,Perfume,"₹20,000+",Personalized Keychain
15,Non-binary,Bachelorette,Eco-friendly,Cycling,Entrepreneur,Drone,"₹20,000+",DIY Craft Kit
37,Male,Acheivement,Tech,Woodworking,Freelancer,VR Headset,₹500-₹2000,Limited Edition Sneakers
63,Female,Bachelorette,Tech,Cycling,Researcher,Portable Speaker,"₹5000-₹10,000",Candle Set
19,Prefer not to say,Baby Shower,Self-care,Archery,Freelancer,Luxury Pen,"₹10,000-₹20,000",Jewelry
78,Male,Wedding,Productivity,Sports,Student,Pet Accessories,"₹10,000-₹20,000",Perfume
47,Female,Wedding,Collectibles,Astrophotography,Artist,Book,₹100-₹500,Puzzle Set
68,Female,Birthday,Fashion,Meditation,Writer,Shoes,₹100-₹500,Mini Projector
17,Prefer not to say,Graduation,Adventure,Gardening,Musician,Sports Jersey,₹2000-₹5000,Personalized Mug
18,Non-binary,Anniversary,Self-care,Sports,Veterinarian,Drone,₹2000-₹5000,Wireless Charger
36,Non-binary,Birthday,Tech,Baking,Doctor,Sunglasses,₹100-₹500,Personalized Mug
54,Other,Corporate,Science & Space,Meditation,Engineer,Candle Set,"₹20,000+",Comic Books
42,Other,Birthday,Anime & Comics,Archery,Engineer,Sports Jersey,₹500-₹2000,Fitness Tracker
23,Non-binary,Appreciation,Luxury,Astrophotography,Actor,Luxury Pen,₹100-₹500,Board Game
38,Male,Appreciation,Gaming,Cooking,Lawyer,Coffee Maker,₹500-₹2000,Portable Speaker
45,Male,Wedding,Art,Painting,Stock Trader,Subscription Box,₹100-₹500,Fitness Tracker
6,Non-binary,Retirement,Art,Meditation,Teacher,Book,"₹5000-₹10,000",Pet Accessories
17,Non-binary,Retirement,Self-care,Cycling,Entrepreneur,Headphones,₹2000-₹5000,Portable Speaker
77,Prefer not to say,Birthday,Collectibles,Archery,Actor,Gaming Console,₹100-₹500,Smart Home Device
6,Other,Acheivement,Home Decor,Robotics,Teacher,Candle Set,₹2000-₹5000,Portable Speaker
11,Other,Farewell,Fashion,Fishing,Artist,Headphones,₹2000-₹5000,Coffee Maker
24,Prefer not to say,Success,Home Decor,Martial Arts,Fashion Designer,Customized Notebook,"₹5000-₹10,000",Noise-Canceling Headphones
74,Prefer not to say,Housewarming,Tech,Baking,Psychologist,Shoes,₹2000-₹5000,Puzzle Set
23,Male,Graduation,Gaming,Podcasting,Veterinarian,Shoes,₹2000-₹5000,Vinyl Records
25,Male,Housewarming,Collectibles,Travel Blogging,Artist,Coffee Maker,₹500-₹2000,DIY Craft Kit
69,Prefer not to say,Milestone Hitting,Self-care,Travel Blogging,Pilot,Drone,"₹10,000-₹20,000",Handbag
44,Male,Retirement,Luxury,Hiking,Writer,Backpack,"₹5000-₹10,000",Personalized Keychain
23,Male,Birthday,Luxury,Fishing,Veterinarian,Pet Accessories,₹2000-₹5000,Camping Gear
34,Male,Wedding,Books,Gardening,Stock Trader,Personalized Mug,₹100-₹500,Candle Set
59,Non-binary,Festival,Travel,Woodworking,Teacher,Pet Accessories,"₹5000-₹10,000",Noise-Canceling Headphones
12,Female,Appreciation,Adventure,Gaming,Fashion Designer,Smartwatch,₹500-₹2000,Sunglasses
37,Female,Anniversary,Anime & Comics,Astrophotography,Biotechnologist,Shoes,"₹20,000+",Customized Notebook
50,Prefer not to say,Corporate,Self-care,Travel Blogging,Fashion Designer,Subscription Box,₹500-₹2000,Succulent Plant Set
19,Prefer not to say,Wedding,Productivity,Podcasting,Therapist,Gaming Console,"₹10,000-₹20,000",Smart Home Device
44,Male,Retirement,Spirituality,Painting,Student,Fitness Tracker,"₹5000-₹10,000",Coffee Maker
52,Female,Graduation,Music,Gardening,Athlete,Headphones,"₹20,000+",Comic Books
7,Male,Farewell,Collectibles,Podcasting,Researcher,Candle Set,₹100-₹500,Smart Home Device
40,Other,Retirement,Fitness,Dancing,Teacher,Board Game,"₹20,000+",Laptop Stand
61,Female,Acheivement,Spirituality,Podcasting,Entrepreneur,Board Game,₹2000-₹5000,Wireless Charger
31,Female,Festival,Collectibles,Cycling,Astronomer,Personalized Mug,"₹10,000-₹20,000",Leather Wallet
43,Prefer not to say,Festival,Adventure,Travel Blogging,Writer,Smartwatch,₹500-₹2000,VR Headset
46,Male,Acheivement,Eco-friendly,Hiking,Researcher,Coffee Maker,"₹20,000+",Luxury Pen
63,Other,Appreciation,Gourmet,Yoga,Business Owner,Skincare Set,"₹5000-₹10,000",Skincare Set
56,Male,Anniversary,Fitness,Robotics,Lawyer,Headphones,"₹5000-₹10,000",Noise-Canceling Headphones
58,Prefer not to say,Bachelorette,Collectibles,Reading,Scientist,Sports Jersey,"₹20,000+",Bluetooth Earbuds
10,Non-binary,Success,Eco-friendly,Podcasting,Student,Shoes,₹2000-₹5000,Action Figures
27,Other,Birthday,Science & Space,Sports,Pilot,Concert Tickets,"₹5000-₹10,000",Handbag
59,Other,Acheivement,Music,Painting,Psychologist,Portable Speaker,₹100-₹500,Smart Speaker
25,Other,Festival,Home Decor,Yoga,Athlete,Concert Tickets,₹2000-₹5000,Vinyl Records
46,Non-binary,Graduation,Self-care,Cooking,Fashion Designer,Backpack,"₹10,000-₹20,000",Wireless Charger
14,Female,Success,Tech,Martial Arts,Athlete,Backpack,"₹5000-₹10,000",Digital Drawing Tablet
13,Male,Graduation,Science & Space,Knitting,Psychologist,Sports Jersey,₹500-₹2000,Cooking Kit
74,Non-binary,Baby Shower,Travel,Writing,Writer,Drone,₹2000-₹5000,Coffee Maker
52,Other,Wedding,Art,Podcasting,Doctor,Drone,₹500-₹2000,Backpack
59,Male,Festival,Art,Martial Arts,Doctor,Coffee Maker,"₹20,000+",Wireless Charger
25,Female,Housewarming,Home Decor,Podcasting,Researcher,Smartwatch,"₹20,000+",Bluetooth Earbuds
68,Non-binary,Birthday,Luxury,Photography,Writer,Perfume,₹2000-₹5000,Handmade Soap Set
62,Male,Housewarming,Adventure,Martial Arts,Lawyer,Personalized Mug,"₹10,000-₹20,000",Smartwatch
56,Female,Festival,Home Decor,Painting,Politician,Book,"₹5000-₹10,000",Drone
13,Other,Housewarming,Collectibles,Archery,Freelancer,Jewelry,₹500-₹2000,Digital Drawing Tablet
65,Other,Graduation,Luxury,Meditation,Veterinarian,Drone,₹100-₹500,Book
21,Other,Graduation,Art,Fishing,Pilot,VR Headset,"₹20,000+",Personalized Mug
77,Other,Farewell,Anime & Comics,Gaming,Athlete,Coffee Maker,₹100-₹500,Limited Edition Sneakers
23,Prefer not to say,Birthday,Travel,Dancing,Student,Headphones,"₹10,000-₹20,000",Portable Speaker
80,Non-binary,Birthday,Adventure,Meditation,Fashion Designer,Gaming Console,"₹20,000+",Running Shoes
8,Female,Acheivement,Pets,Gaming,Researcher,Sports Jersey,"₹10,000-₹20,000",Fitness Tracker
17,Non-binary,Appreciation,Art,Robotics,Athlete,Concert Tickets,₹500-₹2000,Camping Gear
14,Other,Appreciation,DIY,Woodworking,Engineer,Sunglasses,"₹10,000-₹20,000",Tea Collection Set
28,Female,Graduation,Books,Travel Blogging,Fashion Designer,Candle Set,₹100-₹500,Customized Notebook
42,Other,Milestone Hitting,Spirituality,Travel Blogging,Pilot,Perfume,₹2000-₹5000,DIY Craft Kit
11,Male,Graduation,Home Decor,Singing,Astronomer,Handbag,₹100-₹500,Smart Speaker
35,Prefer not to say,Appreciation,Pets,Podcasting,Writer,Subscription Box,₹100-₹500,Headphones
40,Prefer not to say,Housewarming,Gourmet,Meditation,Scientist,Luxury Pen,"₹5000-₹10,000",Sunglasses
75,Female,Retirement,Adventure,Car Collecting,Chef,Portable Speaker,₹100-₹500,Camping Gear
25,Male,Acheivement,Spirituality,Martial Arts,Psychologist,Gift Card,₹100-₹500,Board Game
34,Other,Milestone Hitting,Science & Space,Dancing,Chef,Coffee Maker,"₹10,000-₹20,000",Painting Kit
48,Other,Wedding,Pets,Gaming,Lawyer,Perfume,₹100-₹500,Pet Accessories
53,Other,Wedding,Self-care,Baking,Pilot,Coffee Maker,"₹5000-₹10,000",Handbag
19,Non-binary,Graduation,Luxury,Calligraphy,Pilot,Headphones,₹100-₹500,Personalized Mug
14,Prefer not to say,Wedding,Fitness,Calligraphy,Chef,Perfume,"₹20,000+",Board Game
13,Female,Baby Shower,Home Decor,Painting,Designer,Backpack,₹2000-₹5000,Camping Gear
24,Female,Success,Self-care,Hiking,Stock Trader,Jewelry,"₹10,000-₹20,000",Drone
10,Non-binary,Acheivement,Gourmet,Singing,Freelancer,Smartwatch,"₹5000-₹10,000",Portable Speaker
9,Female,Corporate,Anime & Comics,Martial Arts,Designer,Sports Jersey,"₹20,000+",Wireless Charger
70,Male,Retirement,Self-care,Photography,Biotechnologist,Gift Card,"₹20,000+",Personalized Mug
46,Non-binary,Corporate,Music,Archery,Politician,Portable Speaker,"₹5000-₹10,000",Action Figures
41,Male,Farewell,Fitness,Reading,Business Owner,Customized Notebook,₹100-₹500,Luxury Pen
6,Female,Acheivement,Fashion,Martial Arts,Teacher,Subscription Box,"₹10,000-₹20,000",Customized Notebook
61,Male,Festival,Adventure,Knitting,Researcher,VR Headset,"₹20,000+",Wireless Charger
13,Non-binary,Appreciation,Home Decor,Travel Blogging,Fashion Designer,Customized Notebook,"₹10,000-₹20,000",Leather Wallet
12,Other,Milestone Hitting,Fashion,Martial Arts,Engineer,Book,₹100-₹500,Smart Speaker
5,Other,Milestone Hitting,Anime & Comics,Writing,Teacher,Concert Tickets,₹2000-₹5000,Customized Notebook
51,Prefer not to say,Wedding,Fitness,Martial Arts,Stock Trader,Concert Tickets,"₹5000-₹10,000",Board Game
28,Prefer not to say,Retirement,Anime & Comics,Martial Arts,Musician,Board Game,"₹5000-₹10,000",Personalized Keychain
59,Male,Retirement,Gaming,Podcasting,Researcher,Headphones,₹500-₹2000,Handmade Soap Set
46,Male,Housewarming,Music,Singing,Astronomer,Sports Jersey,"₹10,000-₹20,000",Noise-Canceling Headphones
63,Other,Appreciation,Books,Martial Arts,Researcher,Headphones,"₹5000-₹10,000",Subscription Box
67,Prefer not to say,Baby Shower,Art,Sports,Teacher,Perfume,"₹20,000+",Jewelry
68,Female,Graduation,Science & Space,Fishing,Veterinarian,Gift Card,"₹5000-₹10,000",Subscription Box
45,Non-binary,Corporate,Fitness,Writing,Artist,Backpack,"₹10,000-₹20,000",Action Figures
74,Female,Wedding,Productivity,Photography,Actor,Shoes,₹2000-₹5000,Gift Card
42,Prefer not to say,Acheivement,Home Decor,Singing,Artist,Concert Tickets,"₹5000-₹10,000",Handbag
10,Non-binary,Wedding,Fashion,Photography,Therapist,Perfume,₹100-₹500,Smart Speaker
67,Female,Birthday,Self-care,Woodworking,Writer,Handbag,₹100-₹500,Wireless Charger
78,Other,Anniversary,Pets,Baking,Politician,Candle Set,₹2000-₹5000,Bluetooth Earbuds
39,Prefer not to say,Anniversary,Fashion,Painting,Designer,Gaming Console,₹500-₹2000,Laptop Stand
42,Prefer not to say,Success,Fitness,Writing,Fashion Designer,Skincare Set,₹100-₹500,Handmade Soap Set
70,Non-binary,Bachelorette,Pets,Singing,Musician,Wireless Charger,"₹10,000-₹20,000",Skincare Set
5,Other,Graduation,Fitness,Archery,Stock Trader,Portable Speaker,"₹10,000-₹20,000",Camping Gear
12,Prefer not to say,Housewarming,Collectibles,Knitting,Politician,Coffee Maker,₹100-₹500,Painting Kit
8,Other,Farewell,Collectibles,Martial Arts,Scientist,Limited Edition Sneakers,"₹20,000+",Sunglasses
47,Male,Baby Shower,Eco-friendly,Yoga,Business Owner,Book,₹500-₹2000,Limited Edition Sneakers
69,Female,Success,Eco-friendly,Reading,Musician,Pet Accessories,"₹5000-₹10,000",Painting Kit
59,Non-binary,Appreciation,Fitness,Painting,Lawyer,Smartwatch,"₹5000-₹10,000",Fitness Tracker
11,Non-binary,Birthday,Art,Calligraphy,Astronomer,Fitness Tracker,"₹10,000-₹20,000",Wireless Charger
66,Prefer not to say,Retirement,Spirituality,Sports,Fashion Designer,Gaming Console,₹500-₹2000,Mini Projector
39,Female,Acheivement,Pets,Yoga,Musician,Limited Edition Sneakers,"₹10,000-₹20,000",Succulent Plant Set
6,Male,Birthday,Gaming,Yoga,Psychologist,VR Headset,₹500-₹2000,Drone
25,Other,Milestone Hitting,Eco-friendly,Robotics,Engineer,VR Headset,₹500-₹2000,Vinyl Records
32,Non-binary,Housewarming,Self-care,Baking,Pilot,Backpack,₹100-₹500,Puzzle Set
36,Female,Birthday,Pets,Baking,Business Owner,Backpack,"₹20,000+",Jewelry
9,Female,Farewell,Pets,Hiking,Scientist,Smartwatch,"₹10,000-₹20,000",Portable Speaker
12,Male,Wedding,Travel,Baking,Stock Trader,Candle Set,₹2000-₹5000,Vinyl Records
65,Non-binary,Appreciation,Travel,Robotics,Stock Trader,Personalized Mug,₹2000-₹5000,Succulent Plant Set
37,Male,Retirement,Gourmet,Singing,Teacher,Handbag,₹2000-₹5000,Mini Projector
5,Other,Anniversary,Travel,Singing,Fashion Designer,Handbag,₹100-₹500,Handmade Soap Set
47,Non-binary,Acheivement,Productivity,Meditation,Fashion Designer,Coffee Maker,"₹10,000-₹20,000",Fitness Tracker
24,Male,Birthday,Collectibles,Archery,Researcher,Book,₹100-₹500,Gaming Console
43,Other,Baby Shower,Adventure,Cooking,Scientist,Pet Accessories,"₹5000-₹10,000",Sunglasses
65,Female,Farewell,Travel,Photography,Musician,Personalized Mug,₹500-₹2000,Headphones
50,Other,Success,Anime & Comics,Car Collecting,Teacher,Concert Tickets,₹500-₹2000,Comic Books
11,Prefer not to say,Retirement,Adventure,Baking,Biotechnologist,Sports Jersey,"₹10,000-₹20,000",Smart Home Device
12,Female,Anniversary,Luxury,Car Collecting,Designer,Headphones,"₹20,000+",Smart Speaker
15,Female,Baby Shower,DIY,Photography,Doctor,Fitness Tracker,"₹20,000+",Noise-Canceling Headphones
18,Prefer not to say,Corporate,Home Decor,Dancing,Artist,Skincare Set,"₹5000-₹10,000",Bluetooth Earbuds
43,Female,Baby Shower,Spirituality,Car Collecting,Business Owner,Limited Edition Sneakers,"₹10,000-₹20,000",Candle Set
60,Other,Farewell,Anime & Comics,Writing,Doctor,Smartwatch,"₹10,000-₹20,000",Fitness Tracker
78,Prefer not to say,Appreciation,Books,Martial Arts,Therapist,Personalized Mug,"₹10,000-₹20,000",Customized Notebook
76,Non-binary,Festival,Science & Space,Gaming,Musician,Perfume,₹500-₹2000,Leather Wallet
45,Male,Baby Shower,Collectibles,Writing,Biotechnologist,Skincare Set,₹500-₹2000,Vinyl Records
19,Prefer not to say,Retirement,Home Decor,Sports,Lawyer,Gift Card,"₹5000-₹10,000",Comic Books
15,Prefer not to say,Retirement,Music,Woodworking,Biotechnologist,Handbag,"₹10,000-₹20,000",Vinyl Records
76,Male,Success,Luxury,Woodworking,Scientist,Fitness Tracker,"₹20,000+",Smart Home Device
66,Other,Retirement,Anime & Comics,Travel Blogging,Fashion Designer,Sports Jersey,₹100-₹500,Personalized Mug
80,Non-binary,Birthday,Self-care,Painting,Teacher,Pet Accessories,₹100-₹500,E-Reader
29,Prefer not to say,Success,Fitness,Dancing,Business Owner,Personalized Mug,"₹5000-₹10,000",Portable Speaker
15,Non-binary,Wedding,Travel,Car Collecting,Entrepreneur,Subscription Box,"₹5000-₹10,000",Fitness Tracker
53,Female,Baby Shower,Self-care,Cycling,Chef,Shoes,₹2000-₹5000,Bluetooth Earbuds
49,Non-binary,Appreciation,Home Decor,Cycling,Veterinarian,Perfume,₹100-₹500,DIY Craft Kit
58,Other,Festival,Eco-friendly,Hiking,Stock Trader,Shoes,₹100-₹500,Painting Kit
71,Non-binary,Bachelorette,DIY,Hiking,Artist,Limited Edition Sneakers,₹2000-₹5000,Fitness Tracker
16,Male,Bachelorette,Spirituality,Archery,Writer,Candle Set,₹500-₹2000,Digital Drawing Tablet
78,Other,Baby Shower,Anime & Comics,Car Collecting,Pilot,Sports Jersey,₹100-₹500,Smart Speaker
72,Non-binary,Appreciation,Gourmet,Gaming,Biotechnologist,Drone,₹2000-₹5000,Coffee Maker
70,Male,Bachelorette,Luxury,Robotics,Lawyer,Board Game,₹2000-₹5000,Tea Collection Set
37,Female,Festival,Music,Robotics,Psychologist,Limited Edition Sneakers,₹500-₹2000,Pet Accessories
43,Female,Housewarming,Gaming,Cycling,Therapist,Luxury Pen,₹2000-₹5000,Noise-Canceling Headphones
76,Male,Corporate,Fashion,Robotics,Student,Skincare Set,₹500-₹2000,Laptop Stand
58,Male,Milestone Hitting,Adventure,Writing,Stock Trader,VR Headset,₹2000-₹5000,Cooking Kit
70,Prefer not to say,Retirement,Home Decor,Car Collecting,Business Owner,Wireless Charger,"₹10,000-₹20,000",Backpack
56,Other,Festival,Pets,Baking,Engineer,Luxury Pen,₹2000-₹5000,Jewelry
73,Male,Appreciation,Adventure,Gardening,Freelancer,Concert Tickets,"₹5000-₹10,000",Fitness Tracker
78,Other,Corporate,Fashion,Robotics,Therapist,Personalized Mug,₹500-₹2000,Limited Edition Sneakers
18,Non-binary,Birthday,Books,Cycling,Biotechnologist,Subscription Box,₹100-₹500,Coffee Maker
38,Male,Baby Shower,Books,Robotics,Politician,Wireless Charger,"₹20,000+",Mini Projector
62,Other,Birthday,Pets,Archery,Artist,Personalized Mug,"₹20,000+",Customized Notebook
6,Non-binary,Baby Shower,Productivity,Hiking,Veterinarian,Shoes,₹500-₹2000,Perfume
47,Prefer not to say,Milestone Hitting,Collectibles,Reading,Stock Trader,Fitness Tracker,"₹5000-₹10,000",Wireless Charger
45,Other,Milestone Hitting,Eco-friendly,Car Collecting,Athlete,Drone,"₹20,000+",Digital Drawing Tablet
7,Male,Milestone Hitting,Art,Gardening,Veterinarian,Sunglasses,₹2000-₹5000,Sports Jersey
52,Other,Baby Shower,DIY,Reading,Freelancer,Candle Set,₹500-₹2000,Subscription Box
56,Other,Wedding,Home Decor,Gaming,Researcher,Sunglasses,"₹20,000+",Bluetooth Earbuds
48,Prefer not to say,Milestone Hitting,Gourmet,Gardening,Engineer,Jewelry,"₹20,000+",Board Game
35,Female,Acheivement,Home Decor,Baking,Engineer,Concert Tickets,₹500-₹2000,Sunglasses
70,Non-binary,Corporate,Adventure,Cooking,Veterinarian,Handbag,₹2000-₹5000,Smart Home Device
41,Male,Success,Luxury,Dancing,Entrepreneur,Luxury Pen,₹500-₹2000,Sunglasses
51,Male,Baby Shower,Gaming,Robotics,Actor,Concert Tickets,"₹20,000+",Luxury Pen
8,Non-binary,Milestone Hitting,Tech,Podcasting,Business Owner,Coffee Maker,₹500-₹2000,Cooking Kit
67,Prefer not to say,Acheivement,Adventure,Dancing,Chef,Jewelry,₹2000-₹5000,Headphones
29,Prefer not to say,Farewell,Pets,Cooking,Student,Gaming Console,"₹20,000+",Wireless Charger
42,Prefer not to say,Appreciation,Anime & Comics,Car Collecting,Lawyer,VR Headset,₹2000-₹5000,Jewelry
80,Prefer not to say,Baby Shower,Art,Painting,Athlete,Concert Tickets,"₹10,000-₹20,000",Gaming Console
27,Non-binary,Baby Shower,Luxury,Cycling,Fashion Designer,Shoes,"₹10,000-₹20,000",Backpack
19,Other,Farewell,Music,Gaming,Teacher,Jewelry,₹2000-₹5000,Puzzle Set
56,Female,Corporate,Books,Cooking,Artist,Limited Edition Sneakers,"₹20,000+",DIY Craft Kit
33,Female,Anniversary,Gourmet,Fishing,Artist,Perfume,"₹10,000-₹20,000",Portable Speaker
38,Non-binary,Anniversary,Art,Yoga,Teacher,Smartwatch,"₹10,000-₹20,000",Digital Drawing Tablet
51,Non-binary,Anniversary,Travel,Reading,Politician,Portable Speaker,"₹20,000+",Book
32,Other,Retirement,Music,Singing,Entrepreneur,Sunglasses,"₹5000-₹10,000",Personalized Keychain
44,Prefer not to say,Baby Shower,Science & Space,Cycling,Biotechnologist,Shoes,₹500-₹2000,Comic Books
18,Prefer not to say,Farewell,Collectibles,Cycling,Psychologist,Book,₹2000-₹5000,Perfume
56,Male,Baby Shower,Home Decor,Calligraphy,Therapist,Board Game,₹100-₹500,Digital Drawing Tablet
45,Male,Wedding,Luxury,Cycling,Lawyer,Backpack,"₹5000-₹10,000",Noise-Canceling Headphones
80,Non-binary,Housewarming,Books,Car Collecting,Athlete,Luxury Pen,₹500-₹2000,DIY Craft Kit
72,Non-binary,Farewell,Books,Podcasting,Entrepreneur,Subscription Box,₹500-₹2000,Mini Projector
70,Non-binary,Housewarming,Productivity,Cycling,Doctor,Sports Jersey,"₹20,000+",Smart Home Device
22,Female,Appreciation,Self-care,Singing,Psychologist,Coffee Maker,"₹20,000+",Headphones
39,Other,Retirement,Spirituality,Photography,Student,Gaming Console,₹2000-₹5000,VR Headset
24,Male,Wedding,Spirituality,Gaming,Engineer,Wireless Charger,"₹5000-₹10,000",Running Shoes
63,Prefer not to say,Farewell,Self-care,Robotics,Scientist,Sunglasses,₹500-₹2000,Subscription Box
21,Female,Milestone Hitting,Anime & Comics,Martial Arts,Teacher,Subscription Box,"₹20,000+",Shoes
12,Male,Appreciation,Pets,Dancing,Teacher,Limited Edition Sneakers,₹500-₹2000,Perfume
62,Prefer not to say,Anniversary,Science & Space,Reading,Designer,Headphones,"₹20,000+",Fitness Tracker
62,Prefer not to say,Milestone Hitting,Science & Space,Reading,Astronomer,Board Game,₹100-₹500,DIY Craft Kit
46,Female,Graduation,Adventure,Fishing,Writer,Pet Accessories,"₹10,000-₹20,000",Handmade Soap Set
41,Non-binary,Success,Luxury,Painting,Researcher,Personalized Mug,₹100-₹500,Massage Gun
7,Prefer not to say,Farewell,Books,Sports,Entrepreneur,Board Game,"₹10,000-₹20,000",Coffee Maker
59,Female,Acheivement,Science & Space,Cooking,Politician,Fitness Tracker,₹2000-₹5000,Backpack
58,Other,Bachelorette,Science & Space,Hiking,Engineer,Skincare Set,₹100-₹500,Smartwatch
75,Prefer not to say,Wedding,Tech,Fishing,Pilot,Personalized Mug,₹500-₹2000,Coffee Maker
76,Prefer not to say,Bachelorette,Gourmet,Baking,Doctor,Smartwatch,₹500-₹2000,Comic Books
22,Prefer not to say,Housewarming,Fitness,Knitting,Freelancer,Fitness Tracker,₹100-₹500,Skincare Set
21,Male,Retirement,Self-care,Martial Arts,Engineer,Candle Set,"₹5000-₹10,000",Vinyl Records
19,Other,Acheivement,Productivity,Dancing,Biotechnologist,Personalized Mug,"₹5000-₹10,000",Handmade Soap Set
50,Other,Anniversary,Spirituality,Painting,Fashion Designer,Personalized Mug,₹500-₹2000,Handmade Soap Set
6,Prefer not to say,Appreciation,Home Decor,Travel Blogging,Athlete,Drone,"₹10,000-₹20,000",Handbag
60,Other,Appreciation,Gourmet,Yoga,Stock Trader,Perfume,"₹5000-₹10,000",Massage Gun
72,Male,Anniversary,Gourmet,Gaming,Psychologist,Candle Set,"₹20,000+",Candle Set
66,Prefer not to say,Housewarming,Collectibles,Cooking,Astronomer,Sunglasses,₹100-₹500,Fitness Tracker
75,Male,Acheivement,Anime & Comics,Calligraphy,Researcher,Drone,₹2000-₹5000,Shoes
34,Male,Graduation,Gaming,Calligraphy,Biotechnologist,Smartwatch,"₹20,000+",Personalized Mug
27,Male,Acheivement,DIY,Gaming,Freelancer,Drone,₹2000-₹5000,Portable Speaker
42,Male,Corporate,Pets,Knitting,Pilot,Luxury Pen,"₹5000-₹10,000",Concert Tickets
61,Other,Anniversary,Pets,Gardening,Veterinarian,Fitness Tracker,₹2000-₹5000,Jewelry
42,Prefer not to say,Corporate,Gaming,Meditation,Veterinarian,Board Game,"₹10,000-₹20,000",Mini Projector
15,Male,Bachelorette,Eco-friendly,Robotics,Chef,Candle Set,"₹10,000-₹20,000",Perfume
30,Non-binary,Birthday,Self-care,Knitting,Freelancer,Skincare Set,₹500-₹2000,Camping Gear
10,Non-binary,Housewarming,Fitness,Woodworking,Writer,Book,₹100-₹500,Leather Wallet
17,Other,Birthday,Books,Travel Blogging,Artist,Backpack,₹2000-₹5000,Subscription Box
79,Prefer not to say,Success,Collectibles,Reading,Business Owner,VR Headset,"₹10,000-₹20,000",Skincare Set
18,Male,Farewell,Science & Space,Knitting,Athlete,Perfume,₹2000-₹5000,Cooking Kit
61,Female,Bachelorette,Tech,Meditation,Researcher,Book,"₹20,000+",Limited Edition Sneakers
52,Prefer not to say,Corporate,Tech,Writing,Psychologist,Drone,₹2000-₹5000,Vinyl Records
43,Female,Appreciation,Pets,Fishing,Doctor,Perfume,"₹20,000+",Laptop Stand
69,Prefer not to say,Festival,Books,Gaming,Business Owner,Perfume,₹500-₹2000,Limited Edition Sneakers
8,Other,Anniversary,Eco-friendly,Writing,Musician,Headphones,"₹20,000+",Action Figures
13,Male,Festival,Luxury,Writing,Researcher,Shoes,₹500-₹2000,Puzzle Set
70,Other,Birthday,Art,Gaming,Designer,Portable Speaker,"₹20,000+",VR Headset
71,Non-binary,Milestone Hitting,Pets,Woodworking,Researcher,Subscription Box,₹2000-₹5000,Sports Jersey
53,Male,Farewell,Gaming,Baking,Freelancer,VR Headset,₹100-₹500,Puzzle Set
46,Other,Acheivement,DIY,Gaming,Fashion Designer,Drone,₹100-₹500,Handbag
74,Prefer not to say,Farewell,Self-care,Cooking,Student,Skincare Set,"₹20,000+",Gaming Console
74,Non-binary,Corporate,Travel,Fishing,Lawyer,Coffee Maker,"₹20,000+",Concert Tickets
45,Prefer not to say,Baby Shower,Gourmet,Woodworking,Freelancer,Skincare Set,"₹10,000-₹20,000",Succulent Plant Set
12,Non-binary,Birthday,Adventure,Painting,Scientist,Sunglasses,"₹20,000+",Sunglasses
34,Non-binary,Wedding,Books,Car Collecting,Researcher,Customized Notebook,"₹5000-₹10,000",Painting Kit
45,Non-binary,Corporate,Gourmet,Sports,Writer,Gift Card,"₹5000-₹10,000",Limited Edition Sneakers
62,Other,Acheivement,Fashion,Car Collecting,Actor,Skincare Set,₹500-₹2000,Concert Tickets
13,Female,Wedding,Fitness,Yoga,Veterinarian,Limited Edition Sneakers,₹500-₹2000,Tea Collection Set
73,Prefer not to say,Bachelorette,Productivity,Writing,Artist,Candle Set,₹100-₹500,Puzzle Set
14,Female,Success,Gourmet,Calligraphy,Pilot,Sunglasses,₹100-₹500,Comic Books
31,Prefer not to say,Milestone Hitting,Spirituality,Fishing,Stock Trader,Perfume,₹500-₹2000,Wireless Charger
66,Male,Wedding,Books,Robotics,Teacher,Shoes,₹2000-₹5000,Luxury Pen
66,Other,Baby Shower,Collectibles,Painting,Actor,Pet Accessories,"₹10,000-₹20,000",Luxury Pen
13,Prefer not to say,Acheivement,Travel,Hiking,Chef,Portable Speaker,"₹5000-₹10,000",Subscription Box
17,Female,Housewarming,Gaming,Cycling,Therapist,Fitness Tracker,₹100-₹500,Laptop Stand
9,Prefer not to say,Success,Anime & Comics,Gaming,Artist,Drone,₹2000-₹5000,Action Figures
69,Female,Wedding,Travel,Car Collecting,Student,Personalized Mug,"₹5000-₹10,000",DIY Craft Kit
66,Female,Corporate,Luxury,Fishing,Actor,Wireless Charger,₹100-₹500,Succulent Plant Set
12,Non-binary,Retirement,Productivity,Writing,Astronomer,Perfume,"₹10,000-₹20,000",Concert Tickets
78,Other,Acheivement,Self-care,Cooking,Writer,VR Headset,"₹20,000+",Headphones
73,Male,Baby Shower,Fitness,Photography,Business Owner,VR Headset,₹500-₹2000,Headphones
35,Prefer not to say,Wedding,Spirituality,Sports,Entrepreneur,Book,₹100-₹500,VR Headset
61,Prefer not to say,Graduation,Productivity,Painting,Student,Handbag,₹2000-₹5000,Sunglasses
29,Prefer not to say,Graduation,Pets,Painting,Astronomer,Handbag,"₹20,000+",Candle Set
64,Female,Milestone Hitting,Spirituality,Knitting,Pilot,Personalized Mug,"₹20,000+",Massage Gun
26,Non-binary,Festival,Books,Baking,Designer,Luxury Pen,₹2000-₹5000,Vinyl Records
74,Prefer not to say,Appreciation,Pets,Astrophotography,Veterinarian,Jewelry,"₹10,000-₹20,000",Backpack
39,Non-binary,Appreciation,Science & Space,Archery,Engineer,Wireless Charger,₹2000-₹5000,Handbag
42,Female,Appreciation,Fashion,Martial Arts,Teacher,Skincare Set,₹100-₹500,Sunglasses
18,Other,Corporate,Tech,Dancing,Veterinarian,Pet Accessories,"₹5000-₹10,000",Smart Speaker
67,Other,Retirement,Anime & Comics,Robotics,Researcher,Candle Set,₹100-₹500,Gaming Console
78,Male,Retirement,Anime & Comics,Robotics,Lawyer,Gift Card,"₹5000-₹10,000",Leather Wallet
38,Female,Anniversary,Pets,Robotics,Teacher,Sports Jersey,₹2000-₹5000,Coffee Maker
14,Other,Festival,Self-care,Martial Arts,Lawyer,Board Game,₹2000-₹5000,Smartwatch
75,Prefer not to say,Corporate,Books,Calligraphy,Doctor,Coffee Maker,"₹10,000-₹20,000",Handmade Soap Set
12,Other,Acheivement,Science & Space,Gardening,Stock Trader,Luxury Pen,"₹5000-₹10,000",Portable Speaker
29,Other,Corporate,Anime & Comics,Yoga,Writer,Smartwatch,"₹5000-₹10,000",Vinyl Records
67,Non-binary,Milestone Hitting,Adventure,Singing,Engineer,VR Headset,₹500-₹2000,Wireless Charger
55,Non-binary,Housewarming,Gaming,Gardening,Writer,Book,"₹10,000-₹20,000",Luxury Pen
28,Non-binary,Festival,Eco-friendly,Dancing,Psychologist,Smartwatch,₹100-₹500,Drone
34,Prefer not to say,Acheivement,Adventure,Singing,Fashion Designer,Board Game,"₹20,000+",Action Figures
66,Non-binary,Corporate,Eco-friendly,Dancing,Psychologist,Pet Accessories,"₹5000-₹10,000",Smartwatch
